-- phpMyAdmin SQL Dump
-- version 5.2.1
-- https://www.phpmyadmin.net/
--
-- Hôte : 127.0.0.1:3306
-- Généré le : dim. 02 fév. 2025 à 20:38
-- Version du serveur : 8.3.0
-- Version de PHP : 8.2.18

SET SQL_MODE = "NO_AUTO_VALUE_ON_ZERO";
START TRANSACTION;
SET time_zone = "+00:00";


/*!40101 SET @OLD_CHARACTER_SET_CLIENT=@@CHARACTER_SET_CLIENT */;
/*!40101 SET @OLD_CHARACTER_SET_RESULTS=@@CHARACTER_SET_RESULTS */;
/*!40101 SET @OLD_COLLATION_CONNECTION=@@COLLATION_CONNECTION */;
/*!40101 SET NAMES utf8mb4 */;

--
-- Base de données : `butify`
--

-- --------------------------------------------------------

--
-- Déchargement des données de la table `activity`
--

INSERT INTO `activity` (`id`, `user`, `sound`, `date`) VALUES
(1, 1, 's81c1qtUluE', '2024-11-18'),
(2, 1, 'q44VdjcsjPg', '2024-11-18'),
(3, 1, 's81c1qtUluE', '2024-11-18'),
(4, 1, 'q44VdjcsjPg', '2024-11-18'),
(5, 1, 's81c1qtUluE', '2024-11-18'),
(6, 1, 'q44VdjcsjPg', '2024-11-18'),
(7, 1, 's81c1qtUluE', '2024-11-18'),
(8, 1, 's81c1qtUluE', '2024-11-18'),
(9, 1, 'kutk2XHEZNU', '2024-11-18'),
(10, 1, 'kutk2XHEZNU', '2024-11-18'),
(12, 1, 'YpulNdIgnSc', '2024-11-18'),
(13, 1, 'zR9vFlKMals', '2024-11-18'),
(14, 1, 'zR9vFlKMals', '2024-11-18'),
(15, 1, 'zR9vFlKMals', '2024-11-18'),
(16, 1, 'zR9vFlKMals', '2024-11-18'),
(17, 1, '7ymaoFbma90', '2024-11-18'),
(18, 1, 'uidibRc_U3o', '2024-11-18'),
(19, 1, 'zR9vFlKMals', '2024-11-18'),
(20, 1, 'zR9vFlKMals', '2024-11-18'),
(21, 1, 'zR9vFlKMals', '2024-11-18'),
(22, 1, '7ymaoFbma90', '2024-11-18'),
(23, 1, 'uidibRc_U3o', '2024-11-18'),
(24, 1, '8bCkadgRskA', '2024-11-18'),
(26, 1, 'zR9vFlKMals', '2024-11-18'),
(27, 1, '7ymaoFbma90', '2024-11-18'),
(28, 1, 'uidibRc_U3o', '2024-11-18'),
(29, 1, '8bCkadgRskA', '2024-11-18'),
(30, 1, 'YJLTn10E0OY', '2024-11-18'),
(31, 1, 'usL_M7w1IEI', '2024-11-18'),
(32, 1, '8qAfiLbgZNY', '2024-11-18'),
(33, 1, 'VEou0QBeHlk', '2024-11-18'),
(34, 1, 'zR9vFlKMals', '2024-11-18'),
(35, 1, 'zR9vFlKMals', '2024-11-18'),
(36, 1, 'zR9vFlKMals', '2024-11-18'),
(37, 1, 'zR9vFlKMals', '2024-11-18'),
(38, 1, 'ZaXbXDHjZa0', '2024-11-18'),
(39, 1, 'kutk2XHEZNU', '2024-11-18'),
(40, 1, 'kutk2XHEZNU', '2024-11-18'),
(41, 1, 'kutk2XHEZNU', '2024-11-18'),
(42, 1, 'kutk2XHEZNU', '2024-11-18'),
(43, 1, 'kutk2XHEZNU', '2024-11-18'),
(44, 1, 'kutk2XHEZNU', '2024-11-18'),
(45, 1, 'kutk2XHEZNU', '2024-11-18'),
(46, 1, 'kutk2XHEZNU', '2024-11-18'),
(47, 1, 'kutk2XHEZNU', '2024-11-18'),
(48, 1, 'kutk2XHEZNU', '2024-11-18'),
(49, 1, 'kutk2XHEZNU', '2024-11-18'),
(50, 1, 'kutk2XHEZNU', '2024-11-18'),
(51, 1, 'kutk2XHEZNU', '2024-11-18'),
(52, 1, 'kutk2XHEZNU', '2024-11-18'),
(53, 1, 'kutk2XHEZNU', '2024-11-18'),
(54, 1, 'kutk2XHEZNU', '2024-11-18'),
(55, 1, 'kutk2XHEZNU', '2024-11-18'),
(56, 1, 'kutk2XHEZNU', '2024-11-18'),
(57, 1, 'kutk2XHEZNU', '2024-11-18'),
(58, 1, 'kutk2XHEZNU', '2024-11-18'),
(59, 1, 'kutk2XHEZNU', '2024-11-18'),
(61, 1, 'kutk2XHEZNU', '2024-11-18'),
(62, 1, 'kutk2XHEZNU', '2024-11-18'),
(64, 1, 'kutk2XHEZNU', '2024-11-18'),
(65, 1, 'kutk2XHEZNU', '2024-11-18'),
(66, 1, 'YpulNdIgnSc', '2024-11-18'),
(67, 1, 'SBWa_ZrlsMo', '2024-11-18'),
(69, 1, 'IfC-nXlgaNU', '2024-11-18'),
(70, 1, 'kutk2XHEZNU', '2024-11-18'),
(71, 1, 'kutk2XHEZNU', '2024-11-18'),
(72, 1, 'kutk2XHEZNU', '2024-11-18'),
(73, 1, 'IfC-nXlgaNU', '2024-11-18'),
(74, 1, 'IfC-nXlgaNU', '2024-11-18'),
(75, 1, 'IfC-nXlgaNU', '2024-11-18'),
(274, 1, 'Zu_n0iV-nsI', '2024-11-23'),
(279, 1, 'WiTj1ekLhoc', '2024-11-23'),
(280, 1, 'WiTj1ekLhoc', '2024-11-23'),
(281, 1, 'kutk2XHEZNU', '2024-11-23'),
(282, 1, 'kutk2XHEZNU', '2024-11-23'),
(283, 1, 'kutk2XHEZNU', '2024-11-23'),
(284, 1, 'kutk2XHEZNU', '2024-11-23'),
(285, 1, 'kutk2XHEZNU', '2024-11-23'),
(286, 1, 'kutk2XHEZNU', '2024-11-23'),
(287, 1, 'kutk2XHEZNU', '2024-11-23'),
(288, 1, 'kutk2XHEZNU', '2024-11-23'),
(289, 1, 'kutk2XHEZNU', '2024-11-23'),
(293, 1, 'kutk2XHEZNU', '2024-11-23'),
(294, 1, 'kutk2XHEZNU', '2024-11-23'),
(295, 1, 'LRD4-jS1zjU', '2024-11-23'),
(296, 1, 'Zu_n0iV-nsI', '2024-11-23'),
(297, 1, 'LRD4-jS1zjU', '2024-11-23'),
(298, 1, 'Zu_n0iV-nsI', '2024-11-23'),
(299, 1, 'LRD4-jS1zjU', '2024-11-23'),
(300, 1, 'Zu_n0iV-nsI', '2024-11-23'),
(301, 1, 'WpF2CNxpjgc', '2024-11-23'),
(303, 1, 'WpF2CNxpjgc', '2024-11-23'),
(305, 1, 'WpF2CNxpjgc', '2024-11-23'),
(307, 1, 'WpF2CNxpjgc', '2024-11-23'),
(311, 1, 'WpF2CNxpjgc', '2024-11-23'),
(318, 1, 'WpF2CNxpjgc', '2024-11-23'),
(319, 1, 'WpF2CNxpjgc', '2024-11-23'),
(323, 1, 'kutk2XHEZNU', '2024-11-23'),
(328, 1, 'IKjx8W9ikFY', '2024-11-23'),
(329, 1, 'IKjx8W9ikFY', '2024-11-23'),
(330, 1, 'IKjx8W9ikFY', '2024-11-23'),
(331, 1, 'IKjx8W9ikFY', '2024-11-23'),
(332, 1, 'IKjx8W9ikFY', '2024-11-23'),
(333, 1, 'IKjx8W9ikFY', '2024-11-23'),
(334, 1, 'IKjx8W9ikFY', '2024-11-23'),
(335, 1, 'IKjx8W9ikFY', '2024-11-23'),
(336, 1, 'kGAwRpNh_Os', '2024-11-23'),
(337, 1, 'Ir6efuAJRHg', '2024-11-23'),
(338, 1, 'zokyF1_uHTQ', '2024-11-23'),
(339, 1, 'zokyF1_uHTQ', '2024-11-23'),
(340, 1, 'zokyF1_uHTQ', '2024-11-23'),
(341, 1, 'wzm1__rNfFU', '2024-11-23'),
(342, 1, 'VW5eYHb-_CE', '2024-11-23'),
(343, 1, 'QnqARXXqHWc', '2024-11-23'),
(344, 1, 'IKjx8W9ikFY', '2024-11-23'),
(345, 1, 'IKjx8W9ikFY', '2024-11-23'),
(346, 1, 'IKjx8W9ikFY', '2024-11-23'),
(347, 1, 'IKjx8W9ikFY', '2024-11-23'),
(348, 1, 'IKjx8W9ikFY', '2024-11-23'),
(349, 1, 'IKjx8W9ikFY', '2024-11-23'),
(350, 1, 'IKjx8W9ikFY', '2024-11-23'),
(351, 1, 'IKjx8W9ikFY', '2024-11-23'),
(352, 1, 'IKjx8W9ikFY', '2024-11-23'),
(353, 1, 'IKjx8W9ikFY', '2024-11-23'),
(354, 1, 'IKjx8W9ikFY', '2024-11-23'),
(355, 1, 'IKjx8W9ikFY', '2024-11-23'),
(356, 1, 'IKjx8W9ikFY', '2024-11-23'),
(357, 1, 'IKjx8W9ikFY', '2024-11-23'),
(358, 1, 'IKjx8W9ikFY', '2024-11-23'),
(359, 1, 'IKjx8W9ikFY', '2024-11-23'),
(360, 1, 'IKjx8W9ikFY', '2024-11-23'),
(361, 1, 'IKjx8W9ikFY', '2024-11-23'),
(362, 1, 'IKjx8W9ikFY', '2024-11-23'),
(363, 1, 'IKjx8W9ikFY', '2024-11-23'),
(364, 1, 'IKjx8W9ikFY', '2024-11-23'),
(365, 1, 'IKjx8W9ikFY', '2024-11-23'),
(366, 1, 'IKjx8W9ikFY', '2024-11-23'),
(367, 1, 'IKjx8W9ikFY', '2024-11-23'),
(368, 1, 'IKjx8W9ikFY', '2024-11-23'),
(369, 1, 'IKjx8W9ikFY', '2024-11-23'),
(370, 1, 'IKjx8W9ikFY', '2024-11-23'),
(371, 1, 'kGAwRpNh_Os', '2024-11-23'),
(372, 1, 'kGAwRpNh_Os', '2024-11-23'),
(373, 1, 'kGAwRpNh_Os', '2024-11-23'),
(374, 1, 'kGAwRpNh_Os', '2024-11-23'),
(375, 1, 'kGAwRpNh_Os', '2024-11-23'),
(376, 1, 'kGAwRpNh_Os', '2024-11-23'),
(377, 1, 'kGAwRpNh_Os', '2024-11-23'),
(378, 1, 'kGAwRpNh_Os', '2024-11-23'),
(379, 1, 'kGAwRpNh_Os', '2024-11-23'),
(380, 1, 'kGAwRpNh_Os', '2024-11-23'),
(381, 1, 'kGAwRpNh_Os', '2024-11-23'),
(382, 1, 'kGAwRpNh_Os', '2024-11-23'),
(383, 1, 'kGAwRpNh_Os', '2024-11-23'),
(384, 1, 'kGAwRpNh_Os', '2024-11-23'),
(385, 1, 'Ir6efuAJRHg', '2024-11-23'),
(386, 1, 'zokyF1_uHTQ', '2024-11-23'),
(387, 1, 'kutk2XHEZNU', '2024-11-24'),
(389, 1, 'kutk2XHEZNU', '2024-11-24'),
(391, 1, 'kutk2XHEZNU', '2024-11-24'),
(392, 1, 'aaNCF3hjd6A', '2024-11-24'),
(393, 1, 'kutk2XHEZNU', '2024-11-24'),
(394, 1, 'kutk2XHEZNU', '2024-11-24'),
(395, 1, 'IfC-nXlgaNU', '2024-11-24'),
(396, 1, 'aaNCF3hjd6A', '2024-11-24'),
(397, 1, 'AjQbtKvi_Jw', '2024-11-24'),
(398, 1, 'kutk2XHEZNU', '2024-11-24'),
(400, 1, 'YpulNdIgnSc', '2024-11-24'),
(402, 1, 'kutk2XHEZNU', '2024-11-24'),
(415, 12, 's81c1qtUluE', '2024-11-27'),
(416, 7, '8qfM7offtiA', '2024-11-27'),
(417, 7, '8qfM7offtiA', '2024-11-27'),
(418, 7, '8qfM7offtiA', '2024-11-27'),
(427, 1, 'kutk2XHEZNU', '2024-11-27'),
(428, 1, 'kutk2XHEZNU', '2024-11-27'),
(429, 1, 'kutk2XHEZNU', '2024-11-27'),
(430, 1, 'kutk2XHEZNU', '2024-11-27'),
(431, 1, 'kutk2XHEZNU', '2024-11-27'),
(432, 1, 'kutk2XHEZNU', '2024-11-27'),
(435, 1, 'bpEmjxobvbY', '2024-11-28'),
(436, 1, 'bpEmjxobvbY', '2024-11-28'),
(437, 1, 'bpEmjxobvbY', '2024-11-28'),
(438, 1, 'LXDlGvWukFk', '2024-11-28'),
(439, 1, 'LXDlGvWukFk', '2024-11-28'),
(440, 1, 'LXDlGvWukFk', '2024-11-28'),
(441, 1, 'bpEmjxobvbY', '2024-11-28'),
(442, 1, 'bpEmjxobvbY', '2024-11-28'),
(443, 1, 'bpEmjxobvbY', '2024-11-28'),
(444, 1, 'bpEmjxobvbY', '2024-11-28'),
(445, 1, 'bpEmjxobvbY', '2024-11-28'),
(446, 1, 'bpEmjxobvbY', '2024-11-28'),
(462, 5, 'kutk2XHEZNU', '2024-12-04'),
(463, 5, 'YpulNdIgnSc', '2024-12-04'),
(464, 5, '1g8zks-k5do', '2024-12-04'),
(477, 1, 'IKjx8W9ikFY', '2024-12-05'),
(478, 1, 'kGAwRpNh_Os', '2024-12-05'),
(479, 1, 'Ir6efuAJRHg', '2024-12-05'),
(480, 1, 'wzm1__rNfFU', '2024-12-05'),
(481, 1, 'VW5eYHb-_CE', '2024-12-05'),
(497, 1, 's81c1qtUluE', '2024-12-05'),
(498, 1, 's81c1qtUluE', '2024-12-05'),
(499, 1, '5U1yyaFjfx8', '2024-12-05'),
(500, 1, 's81c1qtUluE', '2024-12-05'),
(501, 1, 's81c1qtUluE', '2024-12-05'),
(502, 1, 's81c1qtUluE', '2024-12-05'),
(503, 1, 's81c1qtUluE', '2024-12-05'),
(504, 1, '5U1yyaFjfx8', '2024-12-05'),
(505, 1, 's81c1qtUluE', '2024-12-05'),
(506, 1, 's81c1qtUluE', '2024-12-05'),
(507, 1, 's81c1qtUluE', '2024-12-05'),
(508, 1, 's81c1qtUluE', '2024-12-05'),
(509, 1, 's81c1qtUluE', '2024-12-05'),
(510, 1, '5U1yyaFjfx8', '2024-12-05'),
(511, 1, 's81c1qtUluE', '2024-12-05'),
(512, 1, 's81c1qtUluE', '2024-12-05'),
(513, 1, 's81c1qtUluE', '2024-12-05'),
(514, 1, 's81c1qtUluE', '2024-12-05'),
(515, 1, 's81c1qtUluE', '2024-12-05'),
(516, 1, 's81c1qtUluE', '2024-12-05'),
(517, 1, '5U1yyaFjfx8', '2024-12-05'),
(518, 1, 's81c1qtUluE', '2024-12-05'),
(519, 1, 's81c1qtUluE', '2024-12-05'),
(520, 1, 's81c1qtUluE', '2024-12-05'),
(521, 1, 's81c1qtUluE', '2024-12-05'),
(522, 1, 's81c1qtUluE', '2024-12-05'),
(523, 1, 's81c1qtUluE', '2024-12-05'),
(524, 1, '5U1yyaFjfx8', '2024-12-05'),
(525, 1, 's81c1qtUluE', '2024-12-05'),
(526, 1, 's81c1qtUluE', '2024-12-05'),
(527, 1, 's81c1qtUluE', '2024-12-05'),
(528, 1, '5U1yyaFjfx8', '2024-12-05'),
(529, 1, 's81c1qtUluE', '2024-12-05'),
(530, 1, 'kutk2XHEZNU', '2024-12-06'),
(531, 1, 'kutk2XHEZNU', '2024-12-06'),
(532, 1, 'kutk2XHEZNU', '2024-12-06'),
(533, 1, 'kutk2XHEZNU', '2024-12-06'),
(534, 1, 'kutk2XHEZNU', '2024-12-06'),
(535, 1, 'kutk2XHEZNU', '2024-12-06'),
(536, 1, 'kutk2XHEZNU', '2024-12-06'),
(537, 1, 'kutk2XHEZNU', '2024-12-06'),
(538, 1, 'kutk2XHEZNU', '2024-12-06'),
(539, 1, 'kutk2XHEZNU', '2024-12-06'),
(540, 1, 'kutk2XHEZNU', '2024-12-06'),
(541, 1, 'kutk2XHEZNU', '2024-12-06'),
(542, 1, 'kutk2XHEZNU', '2024-12-06'),
(543, 1, 'kutk2XHEZNU', '2024-12-06'),
(544, 1, 'kutk2XHEZNU', '2024-12-06'),
(545, 1, 'kutk2XHEZNU', '2024-12-06'),
(546, 1, 'kutk2XHEZNU', '2024-12-06'),
(547, 1, 'kutk2XHEZNU', '2024-12-06'),
(548, 1, 'kutk2XHEZNU', '2024-12-06'),
(549, 1, 'kutk2XHEZNU', '2024-12-06'),
(550, 1, 'kutk2XHEZNU', '2024-12-06'),
(551, 1, 'kutk2XHEZNU', '2024-12-06'),
(552, 1, 'kutk2XHEZNU', '2024-12-06'),
(553, 1, 'kutk2XHEZNU', '2024-12-06'),
(554, 1, 'kutk2XHEZNU', '2024-12-06'),
(555, 1, 'kutk2XHEZNU', '2024-12-06'),
(556, 1, 'kutk2XHEZNU', '2024-12-06'),
(557, 1, 'kutk2XHEZNU', '2024-12-06'),
(558, 1, 'kutk2XHEZNU', '2024-12-06'),
(559, 1, 'kutk2XHEZNU', '2024-12-06'),
(560, 1, 'kutk2XHEZNU', '2024-12-06'),
(561, 1, 'kutk2XHEZNU', '2024-12-06'),
(562, 1, 'kutk2XHEZNU', '2024-12-06'),
(563, 1, 'kutk2XHEZNU', '2024-12-06'),
(564, 1, 'kutk2XHEZNU', '2024-12-06'),
(565, 1, 'kutk2XHEZNU', '2024-12-06'),
(566, 1, 'kutk2XHEZNU', '2024-12-06'),
(567, 1, 'kutk2XHEZNU', '2024-12-06'),
(568, 1, 'kutk2XHEZNU', '2024-12-06'),
(597, 1, 'kutk2XHEZNU', '2024-12-10'),
(598, 1, 'kutk2XHEZNU', '2024-12-10'),
(599, 1, 'kutk2XHEZNU', '2024-12-10'),
(600, 1, 'O-Z2y2LPxig', '2024-12-10'),
(601, 1, 'O-Z2y2LPxig', '2024-12-10'),
(602, 1, 'O-Z2y2LPxig', '2024-12-10'),
(603, 1, 'O-Z2y2LPxig', '2024-12-10'),
(604, 1, '-60vnEzvNAc', '2024-12-10'),
(605, 1, '6RRt8KsAHpI', '2024-12-10'),
(606, 1, 'O-Z2y2LPxig', '2024-12-10'),
(607, 1, '-60vnEzvNAc', '2024-12-10'),
(608, 1, 'O-Z2y2LPxig', '2024-12-10'),
(609, 1, '6RRt8KsAHpI', '2024-12-10'),
(610, 1, 'O-Z2y2LPxig', '2024-12-10'),
(611, 1, 'O-Z2y2LPxig', '2024-12-10'),
(612, 1, '-60vnEzvNAc', '2024-12-10'),
(613, 1, '6RRt8KsAHpI', '2024-12-10'),
(614, 1, 'O-Z2y2LPxig', '2024-12-10'),
(615, 1, '-60vnEzvNAc', '2024-12-10'),
(616, 1, 'O-Z2y2LPxig', '2024-12-10'),
(617, 1, '6RRt8KsAHpI', '2024-12-10'),
(618, 1, 'O-Z2y2LPxig', '2024-12-10'),
(619, 1, 'O-Z2y2LPxig', '2024-12-10'),
(620, 1, '-60vnEzvNAc', '2024-12-10'),
(621, 1, 'O-Z2y2LPxig', '2024-12-10'),
(623, 1, 'UyKxNe-2OKs', '2024-12-10'),
(624, 1, '-CZ9rkKhMOw', '2024-12-10'),
(625, 2, 'Wu5FY8J6P8Q', '2024-12-10'),
(626, 2, '6744glqD6lk', '2024-12-10'),
(627, 2, '7VacG7ySMM4', '2024-12-10'),
(628, 2, 'gJtNx3P02Z4', '2024-12-10'),
(629, 2, 'ZDYUgV3a3Vo', '2024-12-10'),
(630, 2, '28DTbGM5H9I', '2024-12-10'),
(631, 2, 'C-Mxyvv0IDY', '2024-12-10'),
(632, 2, 'ZDYUgV3a3Vo', '2024-12-10'),
(633, 2, 'C-Mxyvv0IDY', '2024-12-10'),
(634, 2, 'KriXKHJXEbc', '2024-12-10'),
(635, 2, 'KriXKHJXEbc', '2024-12-10'),
(636, 2, 'KriXKHJXEbc', '2024-12-10'),
(637, 2, 'KriXKHJXEbc', '2024-12-10'),
(638, 2, 'KriXKHJXEbc', '2024-12-10'),
(639, 2, 'KriXKHJXEbc', '2024-12-10'),
(640, 2, 'KriXKHJXEbc', '2024-12-10'),
(641, 2, 'KriXKHJXEbc', '2024-12-10'),
(642, 2, 'KriXKHJXEbc', '2024-12-10'),
(643, 2, 'KriXKHJXEbc', '2024-12-10'),
(644, 2, 'KriXKHJXEbc', '2024-12-10'),
(645, 2, 'KriXKHJXEbc', '2024-12-10'),
(646, 2, 'KriXKHJXEbc', '2024-12-10'),
(647, 2, 'KriXKHJXEbc', '2024-12-10'),
(648, 2, 'KriXKHJXEbc', '2024-12-10'),
(649, 2, 'KriXKHJXEbc', '2024-12-10'),
(650, 2, '3J4phJqVET8', '2024-12-10'),
(651, 2, '3J4phJqVET8', '2024-12-10'),
(652, 2, '3J4phJqVET8', '2024-12-10'),
(658, 2, 'sN89y1sOy6A', '2024-12-11'),
(659, 2, 'tW70rL8UGRc', '2024-12-11'),
(660, 2, 'tW70rL8UGRc', '2024-12-11'),
(661, 2, 'tW70rL8UGRc', '2024-12-11'),
(662, 2, 'tW70rL8UGRc', '2024-12-11'),
(663, 2, 'tW70rL8UGRc', '2024-12-11'),
(664, 2, 'tW70rL8UGRc', '2024-12-11'),
(665, 2, 'tW70rL8UGRc', '2024-12-11'),
(666, 2, 'tW70rL8UGRc', '2024-12-11'),
(667, 2, 'tW70rL8UGRc', '2024-12-11'),
(668, 2, 'tW70rL8UGRc', '2024-12-11'),
(669, 2, 'tW70rL8UGRc', '2024-12-11'),
(670, 2, 'tW70rL8UGRc', '2024-12-11'),
(671, 2, 'tW70rL8UGRc', '2024-12-11'),
(672, 2, 'tW70rL8UGRc', '2024-12-11'),
(673, 2, 'sN89y1sOy6A', '2024-12-11'),
(674, 2, 'sN89y1sOy6A', '2024-12-11'),
(675, 2, 'tW70rL8UGRc', '2024-12-11'),
(676, 2, 'tW70rL8UGRc', '2024-12-11'),
(677, 2, 'tW70rL8UGRc', '2024-12-11'),
(678, 2, 'tW70rL8UGRc', '2024-12-11'),
(679, 2, 'sN89y1sOy6A', '2024-12-11'),
(680, 2, 'sN89y1sOy6A', '2024-12-11'),
(681, 2, 'sN89y1sOy6A', '2024-12-11'),
(682, 2, 'sN89y1sOy6A', '2024-12-11'),
(683, 2, 'sN89y1sOy6A', '2024-12-11'),
(684, 2, 'sN89y1sOy6A', '2024-12-11'),
(685, 2, 'sN89y1sOy6A', '2024-12-11'),
(686, 2, 'sN89y1sOy6A', '2024-12-11'),
(687, 2, 'sN89y1sOy6A', '2024-12-11'),
(688, 2, 'tW70rL8UGRc', '2024-12-11'),
(689, 2, 'tW70rL8UGRc', '2024-12-11'),
(690, 2, 'tW70rL8UGRc', '2024-12-11'),
(695, 2, '3GWscde8rM8', '2024-12-11'),
(696, 2, '3GWscde8rM8', '2024-12-11'),
(814, 2, 'brpKGTnkVdI', '2024-12-13'),
(817, 1, 's81c1qtUluE', '2024-12-14'),
(818, 1, '5U1yyaFjfx8', '2024-12-14'),
(819, 1, 's81c1qtUluE', '2024-12-14'),
(820, 1, 'M1uedhyydjE', '2024-12-14'),
(822, 5, 'kutk2XHEZNU', '2024-12-16'),
(823, 5, 'kutk2XHEZNU', '2024-12-16'),
(824, 5, 'XeLaiL9tk68', '2024-12-16'),
(825, 5, 'XeLaiL9tk68', '2024-12-16'),
(826, 5, 'XeLaiL9tk68', '2024-12-16'),
(827, 5, 'XeLaiL9tk68', '2024-12-16'),
(828, 5, 'XeLaiL9tk68', '2024-12-16'),
(829, 5, 'XeLaiL9tk68', '2024-12-16'),
(830, 5, 'XeLaiL9tk68', '2024-12-16'),
(831, 5, 'XeLaiL9tk68', '2024-12-16'),
(832, 5, 'MwpMEbgC7DA', '2024-12-16'),
(834, 1, 'UyKxNe-2OKs', '2024-12-16'),
(835, 5, 'BGpzGu9Yp6Y', '2024-12-16'),
(836, 5, 'BGpzGu9Yp6Y', '2024-12-16'),
(837, 5, 'BGpzGu9Yp6Y', '2024-12-16'),
(838, 5, 'XeLaiL9tk68', '2024-12-17'),
(839, 5, 'MwpMEbgC7DA', '2024-12-17'),
(840, 5, 'BGpzGu9Yp6Y', '2024-12-17'),
(841, 5, 'Do_Bz5E5cnk', '2024-12-17'),
(842, 5, 'Do_Bz5E5cnk', '2024-12-17'),
(843, 5, '4fQeaM62mOY', '2024-12-17'),
(844, 5, 'Cgm-y_KawO0', '2024-12-17'),
(845, 5, 'iuSUZyTWi6o', '2024-12-17'),
(846, 5, 'fyDQiQK58bM', '2024-12-17'),
(847, 5, 'GrAchTdepsU', '2024-12-17'),
(848, 5, 'Jb2Tk8DAYOE', '2024-12-17'),
(849, 5, 'dSDbwfXX5_I', '2024-12-17'),
(850, 5, 'lB8uQ_zO-o8', '2024-12-17'),
(851, 5, 'XeLaiL9tk68', '2024-12-17'),
(852, 5, 'MwpMEbgC7DA', '2024-12-17'),
(853, 5, 'BGpzGu9Yp6Y', '2024-12-17'),
(854, 5, 'Do_Bz5E5cnk', '2024-12-17'),
(855, 5, '4fQeaM62mOY', '2024-12-17'),
(856, 5, 'Cgm-y_KawO0', '2024-12-17'),
(857, 5, 'iuSUZyTWi6o', '2024-12-17'),
(858, 5, 'fyDQiQK58bM', '2024-12-17'),
(859, 5, 'GrAchTdepsU', '2024-12-17'),
(860, 5, 'Jb2Tk8DAYOE', '2024-12-17'),
(866, 2, '1F3OGIFnW1k', '2024-12-18'),
(867, 8, 'm-gWaGbCets', '2024-12-18'),
(868, 8, 'm-gWaGbCets', '2024-12-18'),
(869, 8, 'm-gWaGbCets', '2024-12-18'),
(870, 8, 'm-gWaGbCets', '2024-12-18'),
(871, 8, 'm-gWaGbCets', '2024-12-18'),
(873, 1, 'kutk2XHEZNU', '2024-12-20'),
(874, 1, 'XeLaiL9tk68', '2024-12-20'),
(875, 1, '6RRt8KsAHpI', '2024-12-20'),
(876, 1, '-60vnEzvNAc', '2024-12-20'),
(877, 1, '-60vnEzvNAc', '2024-12-20'),
(878, 1, 'XeLaiL9tk68', '2024-12-20'),
(879, 1, 'XeLaiL9tk68', '2024-12-20'),
(882, 3, 'DPgE7PNzXag', '2024-12-20'),
(883, 1, 'XeLaiL9tk68', '2024-12-20'),
(884, 1, 'MwpMEbgC7DA', '2024-12-20'),
(885, 1, 'BGpzGu9Yp6Y', '2024-12-20'),
(886, 1, 'Do_Bz5E5cnk', '2024-12-20'),
(887, 1, '4fQeaM62mOY', '2024-12-20'),
(888, 1, 'Cgm-y_KawO0', '2024-12-20'),
(889, 1, 'iuSUZyTWi6o', '2024-12-20'),
(890, 1, 'fyDQiQK58bM', '2024-12-20'),
(891, 1, 'fyDQiQK58bM', '2024-12-20'),
(892, 1, 'GrAchTdepsU', '2024-12-20'),
(893, 1, 'Jb2Tk8DAYOE', '2024-12-20'),
(894, 1, 'kutk2XHEZNU', '2024-12-21'),
(903, 3, 'DPgE7PNzXag', '2024-12-21'),
(904, 3, 'DPgE7PNzXag', '2024-12-21'),
(905, 1, '7wtfhZwyrcc', '2024-12-21'),
(906, 3, 'LOwVQvAIK-k', '2024-12-21'),
(907, 3, 'LOwVQvAIK-k', '2024-12-21'),
(908, 1, 'XeLaiL9tk68', '2024-12-22'),
(909, 1, 'MwpMEbgC7DA', '2024-12-22'),
(910, 1, 'BGpzGu9Yp6Y', '2024-12-22'),
(911, 1, 'Do_Bz5E5cnk', '2024-12-22'),
(912, 1, 'Do_Bz5E5cnk', '2024-12-22'),
(913, 1, 'Do_Bz5E5cnk', '2024-12-22'),
(914, 1, 'Do_Bz5E5cnk', '2024-12-22'),
(915, 1, 'Do_Bz5E5cnk', '2024-12-22'),
(916, 1, 'Do_Bz5E5cnk', '2024-12-22'),
(930, 1, 'XeLaiL9tk68', '2024-12-22'),
(931, 1, 'MwpMEbgC7DA', '2024-12-22'),
(932, 1, 'XeLaiL9tk68', '2024-12-22'),
(933, 1, 'XeLaiL9tk68', '2024-12-22'),
(934, 1, 'XeLaiL9tk68', '2024-12-22'),
(935, 1, 'MwpMEbgC7DA', '2024-12-22'),
(936, 1, 'BGpzGu9Yp6Y', '2024-12-22'),
(937, 1, 'Do_Bz5E5cnk', '2024-12-22'),
(938, 1, '4fQeaM62mOY', '2024-12-22'),
(939, 1, 'Cgm-y_KawO0', '2024-12-22'),
(940, 1, 'iuSUZyTWi6o', '2024-12-22'),
(941, 1, 'fyDQiQK58bM', '2024-12-22'),
(942, 1, 'GrAchTdepsU', '2024-12-22'),
(943, 1, 'XeLaiL9tk68', '2024-12-22'),
(944, 1, 'GrAchTdepsU', '2024-12-22'),
(945, 1, 'Jb2Tk8DAYOE', '2024-12-22'),
(946, 1, 'dSDbwfXX5_I', '2024-12-22'),
(947, 1, 'lB8uQ_zO-o8', '2024-12-22'),
(948, 1, 'undefined', '2024-12-22'),
(949, 1, 'XeLaiL9tk68', '2024-12-22'),
(950, 1, 'undefined', '2024-12-22'),
(951, 1, 'XeLaiL9tk68', '2024-12-22'),
(952, 1, 'undefined', '2024-12-22'),
(953, 1, 'XeLaiL9tk68', '2024-12-22'),
(954, 1, 'undefined', '2024-12-22'),
(955, 1, 'XeLaiL9tk68', '2024-12-22'),
(956, 1, 'XeLaiL9tk68', '2024-12-22'),
(957, 1, 'GrAchTdepsU', '2024-12-22'),
(958, 1, 'GrAchTdepsU', '2024-12-22'),
(959, 1, 'XeLaiL9tk68', '2024-12-22'),
(960, 1, 'GrAchTdepsU', '2024-12-22'),
(961, 1, 'GrAchTdepsU', '2024-12-22'),
(962, 1, 'GrAchTdepsU', '2024-12-22'),
(963, 1, 'GrAchTdepsU', '2024-12-22'),
(964, 1, 'GrAchTdepsU', '2024-12-22'),
(965, 1, 'GrAchTdepsU', '2024-12-22'),
(969, 1, 'XeLaiL9tk68', '2024-12-22'),
(970, 1, 'XeLaiL9tk68', '2024-12-22'),
(972, 1, 'M1uedhyydjE', '2024-12-22'),
(973, 1, 'M1uedhyydjE', '2024-12-22'),
(974, 1, 'kutk2XHEZNU', '2024-12-22'),
(975, 1, 'kutk2XHEZNU', '2024-12-22'),
(976, 1, 'IKjx8W9ikFY', '2024-12-22'),
(977, 1, 'IKjx8W9ikFY', '2024-12-22'),
(978, 1, 'IKjx8W9ikFY', '2024-12-22'),
(979, 1, 's81c1qtUluE', '2024-12-22'),
(980, 1, 'IKjx8W9ikFY', '2024-12-22'),
(981, 1, 's81c1qtUluE', '2024-12-22'),
(982, 1, 's81c1qtUluE', '2024-12-22'),
(983, 1, 'IKjx8W9ikFY', '2024-12-22'),
(984, 1, 's81c1qtUluE', '2024-12-22'),
(985, 1, 's81c1qtUluE', '2024-12-22'),
(986, 1, 'IKjx8W9ikFY', '2024-12-22'),
(987, 1, 'kGAwRpNh_Os', '2024-12-22'),
(988, 1, 'kGAwRpNh_Os', '2024-12-22'),
(989, 1, 'kGAwRpNh_Os', '2024-12-22'),
(990, 1, 's81c1qtUluE', '2024-12-22'),
(991, 1, '5U1yyaFjfx8', '2024-12-22'),
(992, 1, 's81c1qtUluE', '2024-12-22'),
(993, 1, 's81c1qtUluE', '2024-12-22'),
(994, 1, 'IKjx8W9ikFY', '2024-12-22'),
(995, 1, 'IKjx8W9ikFY', '2024-12-22'),
(996, 1, 's81c1qtUluE', '2024-12-22'),
(997, 1, 'kutk2XHEZNU', '2024-12-22'),
(1000, 1, 'IKjx8W9ikFY', '2024-12-22'),
(1001, 1, 'IKjx8W9ikFY', '2024-12-22'),
(1002, 1, 'kutk2XHEZNU', '2024-12-22'),
(1003, 1, 'XeLaiL9tk68', '2024-12-22'),
(1004, 1, 'XeLaiL9tk68', '2024-12-22'),
(1005, 1, 'O-Z2y2LPxig', '2024-12-22'),
(1006, 1, 'XeLaiL9tk68', '2024-12-22'),
(1007, 1, 'O-Z2y2LPxig', '2024-12-22'),
(1008, 1, 'fyDQiQK58bM', '2024-12-22'),
(1009, 1, 'fyDQiQK58bM', '2024-12-22'),
(1010, 1, 'GrAchTdepsU', '2024-12-22'),
(1011, 1, 'GrAchTdepsU', '2024-12-22'),
(1012, 1, 'GrAchTdepsU', '2024-12-22'),
(1013, 1, 'DA9lef8ap18', '2024-12-22'),
(1014, 1, 'Yj6V_a1-EUA', '2024-12-22'),
(1015, 3, 'DPgE7PNzXag', '2024-12-22'),
(1016, 3, 'WOb8-C6jw0M', '2024-12-22'),
(1017, 3, 'WOb8-C6jw0M', '2024-12-22'),
(1027, 1, 'PLr-XCZlklEPDuf2KvOKNqujTbPpyRTdZm', '2024-12-22'),
(1028, 1, 'JH398xAYpZA', '2024-12-22'),
(1029, 1, 'JH398xAYpZA', '2024-12-22'),
(1030, 1, 'JH398xAYpZA', '2024-12-22'),
(1031, 1, 'JH398xAYpZA', '2024-12-22'),
(1032, 1, 'JH398xAYpZA', '2024-12-22'),
(1033, 1, 'O-Z2y2LPxig', '2024-12-22'),
(1034, 1, 'O-Z2y2LPxig', '2024-12-22'),
(1035, 1, 'O-Z2y2LPxig', '2024-12-22'),
(1036, 1, 'O-Z2y2LPxig', '2024-12-22'),
(1037, 1, 'IhP3J0j9JmY', '2024-12-22'),
(1038, 1, 'ktvTqknDobU', '2024-12-22'),
(1039, 1, 'IhP3J0j9JmY', '2024-12-22'),
(1040, 1, 'GrAchTdepsU', '2024-12-22'),
(1041, 1, 'GrAchTdepsU', '2024-12-22'),
(1042, 1, '9BKSbHf9RjE', '2024-12-22'),
(1043, 1, '7ycbD26DSyg', '2024-12-22'),
(1044, 1, 'Ybb2RV0kW6o', '2024-12-22'),
(1045, 1, '7ycbD26DSyg', '2024-12-22'),
(1046, 1, '9BKSbHf9RjE', '2024-12-22'),
(1047, 1, '7ycbD26DSyg', '2024-12-22'),
(1048, 1, 'Ybb2RV0kW6o', '2024-12-22'),
(1049, 1, 'XeLaiL9tk68', '2024-12-22'),
(1050, 1, 'BGpzGu9Yp6Y', '2024-12-22'),
(1051, 1, 'BGpzGu9Yp6Y', '2024-12-22'),
(1052, 1, 'BGpzGu9Yp6Y', '2024-12-22'),
(1053, 1, 'XeLaiL9tk68', '2024-12-22'),
(1054, 1, 'BGpzGu9Yp6Y', '2024-12-22'),
(1055, 1, '4fQeaM62mOY', '2024-12-22'),
(1056, 1, '4fQeaM62mOY', '2024-12-22'),
(1057, 1, '4fQeaM62mOY', '2024-12-22'),
(1058, 1, '4fQeaM62mOY', '2024-12-22'),
(1059, 1, 'Cgm-y_KawO0', '2024-12-22'),
(1060, 1, '4fQeaM62mOY', '2024-12-22'),
(1061, 1, '4fQeaM62mOY', '2024-12-22'),
(1062, 1, '4fQeaM62mOY', '2024-12-22'),
(1063, 1, '4fQeaM62mOY', '2024-12-22'),
(1064, 1, '4fQeaM62mOY', '2024-12-22'),
(1065, 1, 'iuSUZyTWi6o', '2024-12-22'),
(1066, 1, 'Jb2Tk8DAYOE', '2024-12-22'),
(1067, 1, 'Jb2Tk8DAYOE', '2024-12-22'),
(1068, 1, 'Jb2Tk8DAYOE', '2024-12-22'),
(1069, 1, 'Jb2Tk8DAYOE', '2024-12-22'),
(1070, 1, 'Jb2Tk8DAYOE', '2024-12-22'),
(1071, 1, 'Jb2Tk8DAYOE', '2024-12-22'),
(1072, 1, 'Jb2Tk8DAYOE', '2024-12-22'),
(1073, 1, 'fvs9H8zLl68', '2024-12-22'),
(1074, 1, 'fvs9H8zLl68', '2024-12-22'),
(1075, 1, 'Jb2Tk8DAYOE', '2024-12-23'),
(1076, 1, 'Jb2Tk8DAYOE', '2024-12-23'),
(1077, 1, 'Jb2Tk8DAYOE', '2024-12-23'),
(1078, 1, 'fvs9H8zLl68', '2024-12-23'),
(1079, 1, 'fvs9H8zLl68', '2024-12-23'),
(1080, 1, 'fvs9H8zLl68', '2024-12-23'),
(1081, 1, 'fvs9H8zLl68', '2024-12-23'),
(1082, 1, 'fvs9H8zLl68', '2024-12-23'),
(1083, 1, 'fvs9H8zLl68', '2024-12-23'),
(1084, 1, 'fvs9H8zLl68', '2024-12-23'),
(1085, 1, 'kutk2XHEZNU', '2024-12-23'),
(1086, 1, 'kutk2XHEZNU', '2024-12-23'),
(1087, 1, 'kutk2XHEZNU', '2024-12-23'),
(1088, 1, 'Jb2Tk8DAYOE', '2024-12-23'),
(1089, 1, 'Jb2Tk8DAYOE', '2024-12-23'),
(1090, 1, 'kutk2XHEZNU', '2024-12-23'),
(1091, 1, 'kutk2XHEZNU', '2024-12-23'),
(1092, 1, 'kutk2XHEZNU', '2024-12-23'),
(1093, 1, 'kutk2XHEZNU', '2024-12-23'),
(1094, 1, 'kutk2XHEZNU', '2024-12-23'),
(1095, 1, 'kutk2XHEZNU', '2024-12-23'),
(1096, 1, 'kutk2XHEZNU', '2024-12-23'),
(1097, 1, 'kutk2XHEZNU', '2024-12-23'),
(1098, 1, 'Jb2Tk8DAYOE', '2024-12-23'),
(1099, 1, 'Jb2Tk8DAYOE', '2024-12-23'),
(1100, 1, 'Jb2Tk8DAYOE', '2024-12-23'),
(1101, 1, 'Jb2Tk8DAYOE', '2024-12-23'),
(1102, 1, 'Jb2Tk8DAYOE', '2024-12-23'),
(1103, 1, 'Jb2Tk8DAYOE', '2024-12-23'),
(1104, 1, 'Jb2Tk8DAYOE', '2024-12-23'),
(1105, 1, 'Jb2Tk8DAYOE', '2024-12-23'),
(1106, 1, 'Jb2Tk8DAYOE', '2024-12-23'),
(1107, 1, 'Jb2Tk8DAYOE', '2024-12-23'),
(1108, 1, 'Jb2Tk8DAYOE', '2024-12-23'),
(1109, 1, 'Jb2Tk8DAYOE', '2024-12-23'),
(1110, 1, 'Jb2Tk8DAYOE', '2024-12-23'),
(1111, 1, 'Jb2Tk8DAYOE', '2024-12-23'),
(1112, 1, 'Jb2Tk8DAYOE', '2024-12-23'),
(1113, 1, 'Jb2Tk8DAYOE', '2024-12-23'),
(1114, 1, 'Jb2Tk8DAYOE', '2024-12-23'),
(1115, 1, 'Jb2Tk8DAYOE', '2024-12-23'),
(1116, 1, 'Jb2Tk8DAYOE', '2024-12-23'),
(1117, 1, 'Jb2Tk8DAYOE', '2024-12-23'),
(1118, 1, 'Jb2Tk8DAYOE', '2024-12-23'),
(1119, 1, 'Jb2Tk8DAYOE', '2024-12-23'),
(1120, 1, 'Jb2Tk8DAYOE', '2024-12-23'),
(1121, 1, 'Jb2Tk8DAYOE', '2024-12-23'),
(1122, 1, 'Jb2Tk8DAYOE', '2024-12-23'),
(1123, 1, 'Jb2Tk8DAYOE', '2024-12-23'),
(1124, 1, 'Jb2Tk8DAYOE', '2024-12-23'),
(1125, 1, 'Jb2Tk8DAYOE', '2024-12-23'),
(1126, 1, 'Jb2Tk8DAYOE', '2024-12-23'),
(1127, 1, 'Jb2Tk8DAYOE', '2024-12-23'),
(1128, 1, 'Jb2Tk8DAYOE', '2024-12-23'),
(1129, 1, 'Jb2Tk8DAYOE', '2024-12-23'),
(1130, 1, 'Jb2Tk8DAYOE', '2024-12-23'),
(1131, 1, 'Jb2Tk8DAYOE', '2024-12-23'),
(1132, 1, 'Jb2Tk8DAYOE', '2024-12-23'),
(1133, 1, 'Jb2Tk8DAYOE', '2024-12-23'),
(1134, 1, 'Jb2Tk8DAYOE', '2024-12-23'),
(1135, 1, 'Jb2Tk8DAYOE', '2024-12-23'),
(1136, 1, 'Jb2Tk8DAYOE', '2024-12-23'),
(1137, 1, 'Jb2Tk8DAYOE', '2024-12-23'),
(1138, 1, 'Jb2Tk8DAYOE', '2024-12-23'),
(1139, 1, 'Jb2Tk8DAYOE', '2024-12-23'),
(1140, 1, 'Jb2Tk8DAYOE', '2024-12-23'),
(1141, 1, 'Jb2Tk8DAYOE', '2024-12-23'),
(1142, 1, 'Jb2Tk8DAYOE', '2024-12-23'),
(1143, 1, 'Jb2Tk8DAYOE', '2024-12-23'),
(1144, 1, 'Jb2Tk8DAYOE', '2024-12-23'),
(1145, 1, 'Jb2Tk8DAYOE', '2024-12-23'),
(1146, 1, 'Jb2Tk8DAYOE', '2024-12-23'),
(1147, 1, 'Jb2Tk8DAYOE', '2024-12-23'),
(1148, 1, 'Jb2Tk8DAYOE', '2024-12-23'),
(1149, 1, 'Jb2Tk8DAYOE', '2024-12-23'),
(1150, 1, 'Jb2Tk8DAYOE', '2024-12-23'),
(1151, 1, 'Jb2Tk8DAYOE', '2024-12-23'),
(1152, 1, 'Jb2Tk8DAYOE', '2024-12-23'),
(1153, 1, 'Jb2Tk8DAYOE', '2024-12-23'),
(1154, 1, 'Jb2Tk8DAYOE', '2024-12-23'),
(1155, 1, 'Jb2Tk8DAYOE', '2024-12-23'),
(1156, 1, 'Jb2Tk8DAYOE', '2024-12-23'),
(1157, 1, 'Jb2Tk8DAYOE', '2024-12-23'),
(1158, 1, 'Jb2Tk8DAYOE', '2024-12-23'),
(1159, 1, 'Jb2Tk8DAYOE', '2024-12-23'),
(1160, 1, 'Jb2Tk8DAYOE', '2024-12-23'),
(1161, 1, 'Jb2Tk8DAYOE', '2024-12-23'),
(1162, 1, 'Jb2Tk8DAYOE', '2024-12-23'),
(1163, 1, 'Jb2Tk8DAYOE', '2024-12-23'),
(1164, 1, 'Jb2Tk8DAYOE', '2024-12-23'),
(1165, 1, 'Jb2Tk8DAYOE', '2024-12-23'),
(1166, 1, 'Jb2Tk8DAYOE', '2024-12-23'),
(1167, 1, 'Jb2Tk8DAYOE', '2024-12-23'),
(1168, 1, 'Jb2Tk8DAYOE', '2024-12-23'),
(1169, 1, 'Jb2Tk8DAYOE', '2024-12-23'),
(1170, 1, 'fvs9H8zLl68', '2024-12-23'),
(1171, 1, 'uDMfS_YS8YE', '2024-12-23'),
(1172, 1, 'uDMfS_YS8YE', '2024-12-23'),
(1173, 1, 'uDMfS_YS8YE', '2024-12-23'),
(1174, 1, 'GpqEXLOjuq0', '2024-12-23'),
(1175, 1, 'rlXkdNHiCnI', '2024-12-23'),
(1176, 1, 'rlXkdNHiCnI', '2024-12-23'),
(1177, 1, 'XeLaiL9tk68', '2024-12-26'),
(1178, 1, 'XeLaiL9tk68', '2024-12-26'),
(1179, 1, 'Jb2Tk8DAYOE', '2024-12-30'),
(1180, 1, 'fvs9H8zLl68', '2024-12-30'),
(1181, 1, 'sxu2Iwdd2vw', '2024-12-30'),
(1182, 1, 'GpqEXLOjuq0', '2024-12-30'),
(1183, 1, 'uDMfS_YS8YE', '2024-12-30'),
(1184, 1, 'bg30UXN89b8', '2024-12-31'),
(1185, 1, 'YpulNdIgnSc', '2024-12-31'),
(1186, 1, 'Gp647IWuYfA', '2024-12-31'),
(1187, 1, 'iYUSZUVCNNU', '2024-12-31'),
(1188, 1, 'jXnq18DE6Zg', '2024-12-31'),
(1189, 1, 'Jb2Tk8DAYOE', '2024-12-31'),
(1190, 1, 'uDMfS_YS8YE', '2024-12-31'),
(1191, 1, 's81c1qtUluE', '2024-12-31'),
(1192, 1, '5U1yyaFjfx8', '2024-12-31'),
(1193, 1, 's81c1qtUluE', '2024-12-31'),
(1194, 1, 'g1JYvI-RbD4', '2025-01-01'),
(1195, 1, 'GrAchTdepsU', '2025-01-05'),
(1196, 1, 'XeLaiL9tk68', '2025-01-05'),
(1197, 1, 'MwpMEbgC7DA', '2025-01-05'),
(1198, 1, 'BGpzGu9Yp6Y', '2025-01-05'),
(1199, 1, 'Do_Bz5E5cnk', '2025-01-05'),
(1200, 1, '4fQeaM62mOY', '2025-01-05'),
(1201, 1, 'Cgm-y_KawO0', '2025-01-05'),
(1202, 1, 'iuSUZyTWi6o', '2025-01-05'),
(1203, 1, 'Jb2Tk8DAYOE', '2025-01-05'),
(1205, 1, 'aP3kScUtXS8', '2025-01-05'),
(1206, 1, 'an_47fkaN0s', '2025-01-05'),
(1207, 1, 'uyxpLPAT73Q', '2025-01-05'),
(1208, 1, 'ss0pJ2dj4WI', '2025-01-05'),
(1209, 8, 'ekr2nIex040', '2025-01-06'),
(1210, 8, 'vHvOYQ0hbBA', '2025-01-06'),
(1211, 8, 'ekr2nIex040', '2025-01-06'),
(1212, 8, 'i_SsnRdgitA', '2025-01-06'),
(1213, 8, 'YL2xYo0GoUI', '2025-01-06'),
(1214, 8, 'Z0Wc2-qDdn0', '2025-01-06'),
(1215, 8, 'ekr2nIex040', '2025-01-06'),
(1216, 8, 'ekr2nIex040', '2025-01-06'),
(1217, 5, 'XeLaiL9tk68', '2025-01-07'),
(1218, 5, 'XeLaiL9tk68', '2025-01-07'),
(1219, 1, 'GrAchTdepsU', '2025-01-12'),
(1220, 1, '28', '2025-01-13'),
(1221, 5, '28', '2025-01-13'),
(1223, 5, '28', '2025-01-13'),
(1224, 5, '28', '2025-01-13'),
(1225, 5, '28', '2025-01-13'),
(1226, 5, '28', '2025-01-13'),
(1227, 5, '28', '2025-01-13'),
(1228, 5, '28', '2025-01-13'),
(1229, 5, '28', '2025-01-13'),
(1230, 5, '28', '2025-01-13'),
(1231, 5, '28', '2025-01-13'),
(1232, 5, '28', '2025-01-13'),
(1233, 5, '28', '2025-01-13'),
(1234, 5, '28', '2025-01-13'),
(1235, 5, '28', '2025-01-13'),
(1236, 5, 'XeLaiL9tk68', '2025-01-13'),
(1237, 5, 'MwpMEbgC7DA', '2025-01-13'),
(1238, 5, 'BGpzGu9Yp6Y', '2025-01-13'),
(1239, 5, 'Do_Bz5E5cnk', '2025-01-13'),
(1240, 5, '4fQeaM62mOY', '2025-01-13'),
(1241, 5, 'Cgm-y_KawO0', '2025-01-13'),
(1242, 5, 'iuSUZyTWi6o', '2025-01-13'),
(1243, 5, 'fyDQiQK58bM', '2025-01-13'),
(1244, 5, 'GrAchTdepsU', '2025-01-13'),
(1245, 5, 'Jb2Tk8DAYOE', '2025-01-13'),
(1246, 5, 'dSDbwfXX5_I', '2025-01-13'),
(1247, 5, 'lB8uQ_zO-o8', '2025-01-13'),
(1248, 5, 'I0czvJ_jikg', '2025-01-13'),
(1249, 5, 'lmc21V-zBq0', '2025-01-13'),
(1250, 5, '51u5fnyrGj4', '2025-01-13'),
(1251, 5, 'XeLaiL9tk68', '2025-01-13'),
(1252, 5, 'lLjvsAyEj-g', '2025-01-13'),
(1253, 5, 'lYoWuaw5nSk', '2025-01-13'),
(1254, 1, 'kutk2XHEZNU', '2025-01-13'),
(1255, 3, '28', '2025-01-13'),
(1256, 1, '28', '2025-01-14'),
(1258, 1, '28', '2025-01-14'),
(1260, 1, '28', '2025-01-14'),
(1262, 1, '28', '2025-01-14'),
(1263, 1, '28', '2025-01-14'),
(1264, 1, '28', '2025-01-14'),
(1265, 1, '28', '2025-01-14'),
(1266, 1, '28', '2025-01-14'),
(1267, 1, '28', '2025-01-14'),
(1268, 1, '28', '2025-01-14'),
(1269, 1, '28', '2025-01-14'),
(1270, 1, '28', '2025-01-14'),
(1271, 1, '28', '2025-01-14'),
(1272, 1, '28', '2025-01-14'),
(1273, 1, '28', '2025-01-14'),
(1274, 1, '28', '2025-01-14'),
(1275, 1, '28', '2025-01-14'),
(1276, 1, 'kutk2XHEZNU', '2025-01-14'),
(1278, 1, 'kutk2XHEZNU', '2025-01-14'),
(1279, 5, '28', '2025-01-14'),
(1280, 1, '28', '2025-01-14'),
(1281, 1, '28', '2025-01-14'),
(1282, 1, '28', '2025-01-14'),
(1283, 1, '28', '2025-01-14'),
(1284, 1, '28', '2025-01-14'),
(1285, 1, '28', '2025-01-14'),
(1286, 1, 'Jb2Tk8DAYOE', '2025-01-14'),
(1287, 1, 'Jb2Tk8DAYOE', '2025-01-14'),
(1288, 1, 's81c1qtUluE', '2025-01-14'),
(1289, 1, 'Jb2Tk8DAYOE', '2025-01-14'),
(1290, 1, 's81c1qtUluE', '2025-01-14'),
(1291, 1, '28', '2025-01-14'),
(1292, 1, 'Jb2Tk8DAYOE', '2025-01-14'),
(1293, 1, '28', '2025-01-14'),
(1294, 1, '28', '2025-01-14'),
(1295, 1, 'Jb2Tk8DAYOE', '2025-01-14'),
(1296, 1, '28', '2025-01-14'),
(1297, 1, 'Jb2Tk8DAYOE', '2025-01-14'),
(1298, 1, '28', '2025-01-14'),
(1299, 1, '28', '2025-01-14'),
(1300, 1, '28', '2025-01-14'),
(1301, 1, '28', '2025-01-14'),
(1302, 1, '28', '2025-01-14'),
(1303, 1, '28', '2025-01-14'),
(1304, 1, '28', '2025-01-14'),
(1305, 1, '28', '2025-01-14'),
(1306, 5, '28', '2025-01-15'),
(1307, 1, '20', '2025-01-16'),
(1308, 16, '5', '2025-01-17'),
(1309, 16, '28', '2025-01-17'),
(1310, 1, '28', '2025-01-17'),
(1311, 1, '20', '2025-01-17'),
(1312, 1, '28', '2025-01-17'),
(1313, 1, '28', '2025-01-17'),
(1314, 1, '28', '2025-01-17'),
(1315, 1, '28', '2025-01-17'),
(1316, 1, '28', '2025-01-17'),
(1319, 1, 'O-Z2y2LPxig', '2025-01-19'),
(1320, 1, 'TUEhJmjfC28', '2025-01-19'),
(1324, 1, '28', '2025-01-22'),
(1325, 1, '28', '2025-01-22'),
(1326, 1, '28', '2025-01-22'),
(1327, 1, '28', '2025-01-22'),
(1328, 1, '28', '2025-01-22'),
(1329, 1, '28', '2025-01-22'),
(1330, 1, '28', '2025-01-22'),
(1331, 1, '28', '2025-01-22'),
(1332, 1, '28', '2025-01-22'),
(1333, 1, '28', '2025-01-22'),
(1334, 1, '28', '2025-01-22'),
(1335, 1, '28', '2025-01-22'),
(1336, 1, '28', '2025-01-22'),
(1337, 1, '28', '2025-01-22'),
(1338, 1, '28', '2025-01-22'),
(1339, 1, '28', '2025-01-22'),
(1340, 1, '28', '2025-01-22'),
(1341, 1, '28', '2025-01-22'),
(1342, 1, '28', '2025-01-22'),
(1343, 1, '28', '2025-01-22'),
(1344, 1, 'Jb2Tk8DAYOE', '2025-01-22'),
(1345, 1, 'Jb2Tk8DAYOE', '2025-01-22'),
(1346, 1, 'IKjx8W9ikFY', '2025-01-22'),
(1347, 1, 'IKjx8W9ikFY', '2025-01-22'),
(1348, 1, 'IKjx8W9ikFY', '2025-01-22'),
(1349, 1, 'IKjx8W9ikFY', '2025-01-22'),
(1350, 1, 'IKjx8W9ikFY', '2025-01-22'),
(1351, 1, 'kGAwRpNh_Os', '2025-01-22'),
(1352, 1, 'kGAwRpNh_Os', '2025-01-22'),
(1353, 1, 'IKjx8W9ikFY', '2025-01-22'),
(1354, 1, 'IKjx8W9ikFY', '2025-01-22'),
(1355, 1, 'kGAwRpNh_Os', '2025-01-22'),
(1356, 1, '20', '2025-01-22'),
(1357, 1, '28', '2025-01-22'),
(1360, 1, 'IKjx8W9ikFY', '2025-01-22'),
(1361, 1, 'IKjx8W9ikFY', '2025-01-22'),
(1362, 1, 'kGAwRpNh_Os', '2025-01-22'),
(1363, 1, 'kGAwRpNh_Os', '2025-01-22'),
(1364, 1, 'IKjx8W9ikFY', '2025-01-22'),
(1365, 5, 'lB8uQ_zO-o8', '2025-01-22'),
(1366, 1, 'O-Z2y2LPxig', '2025-01-22'),
(1367, 1, '-60vnEzvNAc', '2025-01-22'),
(1368, 1, '-60vnEzvNAc', '2025-01-22'),
(1369, 1, '-60vnEzvNAc', '2025-01-22'),
(1370, 1, '-60vnEzvNAc', '2025-01-22'),
(1371, 1, '-60vnEzvNAc', '2025-01-22'),
(1372, 1, 'Jb2Tk8DAYOE', '2025-01-22'),
(1373, 1, 'JfBXVnu0ieU', '2025-01-22'),
(1374, 1, 'GrAchTdepsU', '2025-01-22'),
(1375, 1, 'kutk2XHEZNU', '2025-01-22'),
(1376, 1, '5', '2025-01-22'),
(1377, 1, '28', '2025-01-22'),
(1378, 1, '28', '2025-01-22'),
(1379, 1, '28', '2025-01-22'),
(1380, 1, '28', '2025-01-22'),
(1381, 1, '20', '2025-01-22'),
(1382, 1, '20', '2025-01-22'),
(1383, 1, '20', '2025-01-22'),
(1386, 1, 'O-Z2y2LPxig', '2025-01-23'),
(1387, 1, '28', '2025-01-23'),
(1388, 1, '28', '2025-01-23'),
(1389, 1, '5', '2025-01-26'),
(1390, 1, '5', '2025-01-26'),
(1391, 1, '5', '2025-01-26'),
(1392, 1, '5', '2025-01-26'),
(1393, 36, '28', '2025-01-26'),
(1394, 36, 'Jb2Tk8DAYOE', '2025-01-26'),
(1395, 36, 'mWKDZRJWdF4', '2025-01-26'),
(1396, 36, 'mWKDZRJWdF4', '2025-01-26'),
(1397, 36, 'mWKDZRJWdF4', '2025-01-26'),
(1398, 36, 'mWKDZRJWdF4', '2025-01-26'),
(1399, 36, '28', '2025-01-26'),
(1400, 36, '28', '2025-01-26'),
(1401, 36, '28', '2025-01-26'),
(1402, 14, '28', '2025-01-26'),
(1403, 14, 'IcrbM1l_BoI', '2025-01-26'),
(1404, 14, '5y_KJAg8bHI', '2025-01-26'),
(1405, 14, '6Cp6mKbRTQY', '2025-01-26'),
(1406, 14, 'EY72Qqj7G6M', '2025-01-26'),
(1407, 14, 'EY72Qqj7G6M', '2025-01-26'),
(1408, 14, '28', '2025-01-26'),
(1409, 14, 'IKjx8W9ikFY', '2025-01-26'),
(1410, 14, '28', '2025-01-26'),
(1411, 14, '20', '2025-01-26'),
(1412, 36, 'Jn8KvdWagfo', '2025-01-26'),
(1413, 36, 'mWKDZRJWdF4', '2025-01-26'),
(1414, 36, 'mWKDZRJWdF4', '2025-01-26'),
(1415, 36, '2FtriyuvS5I', '2025-01-26'),
(1416, 36, '2FtriyuvS5I', '2025-01-26'),
(1417, 36, 'mWKDZRJWdF4', '2025-01-26'),
(1418, 36, 'mWKDZRJWdF4', '2025-01-26'),
(1419, 2, 'dvgZkm1xWPE', '2025-01-26'),
(1420, 2, '28', '2025-01-26'),
(1421, 2, '28', '2025-01-26'),
(1422, 2, '28', '2025-01-26'),
(1423, 2, '20', '2025-01-26'),
(1424, 2, '28', '2025-01-26'),
(1425, 2, '28', '2025-01-26'),
(1426, 2, '28', '2025-01-26'),
(1427, 2, '28', '2025-01-26'),
(1428, 2, '28', '2025-01-26'),
(1429, 2, '28', '2025-01-26'),
(1430, 2, '28', '2025-01-26'),
(1431, 2, '28', '2025-01-26'),
(1432, 2, '28', '2025-01-26'),
(1433, 2, '28', '2025-01-26'),
(1434, 2, '28', '2025-01-26'),
(1435, 2, '28', '2025-01-26'),
(1436, 2, '28', '2025-01-26'),
(1437, 2, '28', '2025-01-26'),
(1438, 2, '28', '2025-01-26'),
(1439, 2, '28', '2025-01-26'),
(1440, 2, '28', '2025-01-26'),
(1441, 2, '28', '2025-01-26'),
(1442, 36, 'mWKDZRJWdF4', '2025-01-26'),
(1443, 36, '_2bpr0304kk', '2025-01-26'),
(1444, 36, '_2bpr0304kk', '2025-01-26'),
(1445, 36, '28', '2025-01-26'),
(1446, 36, '28', '2025-01-26'),
(1447, 36, '28', '2025-01-26'),
(1448, 36, '28', '2025-01-26'),
(1449, 36, '28', '2025-01-26'),
(1450, 36, '28', '2025-01-26'),
(1451, 36, '28', '2025-01-26'),
(1452, 36, '28', '2025-01-26'),
(1453, 36, '28', '2025-01-26'),
(1454, 36, '28', '2025-01-26'),
(1455, 36, '28', '2025-01-26'),
(1456, 36, '30', '2025-01-26'),
(1457, 2, '28', '2025-01-26'),
(1458, 2, '28', '2025-01-26'),
(1459, 2, '28', '2025-01-26'),
(1460, 2, '28', '2025-01-26'),
(1461, 2, '28', '2025-01-26'),
(1462, 32, '28', '2025-01-26'),
(1463, 32, '28', '2025-01-26'),
(1464, 32, '28', '2025-01-26'),
(1465, 32, '28', '2025-01-26'),
(1466, 32, '28', '2025-01-26'),
(1467, 32, '28', '2025-01-26'),
(1468, 32, '28', '2025-01-26'),
(1469, 32, '28', '2025-01-26'),
(1470, 32, '28', '2025-01-26'),
(1471, 32, '28', '2025-01-26'),
(1472, 32, '28', '2025-01-26'),
(1473, 32, '28', '2025-01-26'),
(1474, 2, '28', '2025-01-26'),
(1475, 2, '28', '2025-01-26'),
(1476, 2, '28', '2025-01-26'),
(1477, 2, '28', '2025-01-26'),
(1478, 2, 'mWKDZRJWdF4', '2025-01-26'),
(1479, 2, '28', '2025-01-26'),
(1480, 2, 'mWKDZRJWdF4', '2025-01-26'),
(1481, 2, '_2bpr0304kk', '2025-01-26'),
(1482, 2, '6qiMlcAnurQ', '2025-01-26'),
(1483, 2, 'mWKDZRJWdF4', '2025-01-26'),
(1484, 2, 'Jb2Tk8DAYOE', '2025-01-26'),
(1485, 2, '27', '2025-01-26'),
(1486, 2, '27', '2025-01-26'),
(1487, 2, '27', '2025-01-26'),
(1488, 2, 'mWKDZRJWdF4', '2025-01-26'),
(1489, 2, '28', '2025-01-26'),
(1490, 2, '20', '2025-01-26'),
(1491, 2, '28', '2025-01-26'),
(1492, 2, '30', '2025-01-26'),
(1493, 2, '28', '2025-01-26'),
(1494, 2, '20', '2025-01-26'),
(1495, 2, '28', '2025-01-26'),
(1496, 2, '30', '2025-01-26'),
(1497, 2, '28', '2025-01-26'),
(1498, 2, '28', '2025-01-26'),
(1499, 2, '28', '2025-01-26'),
(1500, 2, '28', '2025-01-26'),
(1501, 2, 'mWKDZRJWdF4', '2025-01-26'),
(1502, 2, 'mWKDZRJWdF4', '2025-01-26'),
(1503, 1, 'kutk2XHEZNU', '2025-01-26'),
(1504, 1, 'kutk2XHEZNU', '2025-01-26'),
(1505, 1, 'kutk2XHEZNU', '2025-01-26'),
(1506, 1, 'kutk2XHEZNU', '2025-01-26'),
(1507, 1, 'kutk2XHEZNU', '2025-01-26'),
(1508, 1, 'kutk2XHEZNU', '2025-01-26'),
(1509, 1, 'kutk2XHEZNU', '2025-01-26'),
(1510, 1, '28', '2025-01-26'),
(1511, 1, '28', '2025-01-26'),
(1512, 1, '28', '2025-01-26'),
(1513, 1, '28', '2025-01-26'),
(1514, 1, '20', '2025-01-26'),
(1515, 1, '28', '2025-01-26'),
(1516, 1, 'GrAchTdepsU', '2025-01-26'),
(1517, 1, '9BKSbHf9RjE', '2025-01-26'),
(1518, 1, '7ycbD26DSyg', '2025-01-26'),
(1519, 1, 'Ybb2RV0kW6o', '2025-01-26'),
(1520, 1, 'Ybb2RV0kW6o', '2025-01-26'),
(1521, 1, 'GrAchTdepsU', '2025-01-26'),
(1522, 1, 'Ybb2RV0kW6o', '2025-01-26'),
(1523, 1, 'GrAchTdepsU', '2025-01-26'),
(1524, 1, '20', '2025-01-26'),
(1525, 1, '28', '2025-01-26'),
(1526, 1, '30', '2025-01-26'),
(1527, 1, 'Jb2Tk8DAYOE', '2025-01-26'),
(1528, 1, 'Jb2Tk8DAYOE', '2025-01-26'),
(1529, 1, 'JfBXVnu0ieU', '2025-01-26'),
(1530, 1, 'Jb2Tk8DAYOE', '2025-01-26'),
(1531, 1, 'JfBXVnu0ieU', '2025-01-26'),
(1532, 1, 'Jb2Tk8DAYOE', '2025-01-26'),
(1533, 1, 'GrAchTdepsU', '2025-01-26'),
(1534, 1, '28', '2025-01-26'),
(1535, 1, '28', '2025-01-26'),
(1536, 1, 'IKjx8W9ikFY', '2025-01-26'),
(1537, 1, 'Jb2Tk8DAYOE', '2025-01-26'),
(1538, 1, 'GrAchTdepsU', '2025-01-26'),
(1539, 1, 'Jb2Tk8DAYOE', '2025-01-26'),
(1540, 1, '28', '2025-01-26'),
(1541, 1, 'IKjx8W9ikFY', '2025-01-26'),
(1542, 1, 'IKjx8W9ikFY', '2025-01-26'),
(1543, 1, 'IKjx8W9ikFY', '2025-01-26'),
(1544, 1, 'Jb2Tk8DAYOE', '2025-01-26'),
(1545, 1, 'Jb2Tk8DAYOE', '2025-01-26'),
(1546, 1, 'GrAchTdepsU', '2025-01-26'),
(1547, 1, 'GrAchTdepsU', '2025-01-26'),
(1548, 1, 'Jb2Tk8DAYOE', '2025-01-26'),
(1549, 1, 'Jb2Tk8DAYOE', '2025-01-26'),
(1550, 1, 'GrAchTdepsU', '2025-01-26'),
(1551, 1, 'GrAchTdepsU', '2025-01-26'),
(1552, 1, 'Jb2Tk8DAYOE', '2025-01-26'),
(1553, 1, 'Jb2Tk8DAYOE', '2025-01-26'),
(1554, 1, 'Jb2Tk8DAYOE', '2025-01-26'),
(1555, 1, 'JfBXVnu0ieU', '2025-01-26'),
(1556, 1, 'fvs9H8zLl68', '2025-01-26'),
(1557, 1, 'AMMbZQL1UBo', '2025-01-26'),
(1558, 1, '30', '2025-01-26'),
(1559, 1, 'fvs9H8zLl68', '2025-01-26'),
(1560, 1, 'fvs9H8zLl68', '2025-01-26'),
(1561, 1, 'AMMbZQL1UBo', '2025-01-26'),
(1562, 1, 'AMMbZQL1UBo', '2025-01-26'),
(1563, 1, 'IKjx8W9ikFY', '2025-01-26'),
(1564, 1, 'kGAwRpNh_Os', '2025-01-26'),
(1565, 1, 'kGAwRpNh_Os', '2025-01-26'),
(1566, 1, 'VW5eYHb-_CE', '2025-01-26'),
(1567, 1, 'Ir6efuAJRHg', '2025-01-26'),
(1568, 1, 'Ir6efuAJRHg', '2025-01-26'),
(1569, 1, 'QnqARXXqHWc', '2025-01-26'),
(1570, 1, 'VW5eYHb-_CE', '2025-01-26'),
(1571, 1, 'wzm1__rNfFU', '2025-01-26'),
(1572, 1, 'wzm1__rNfFU', '2025-01-26'),
(1573, 1, 'IKjx8W9ikFY', '2025-01-26'),
(1574, 1, 'IKjx8W9ikFY', '2025-01-26'),
(1575, 1, 'IKjx8W9ikFY', '2025-01-26'),
(1576, 1, 'kGAwRpNh_Os', '2025-01-26'),
(1577, 1, 'VW5eYHb-_CE', '2025-01-26'),
(1578, 1, 'Ir6efuAJRHg', '2025-01-26'),
(1579, 1, 'QnqARXXqHWc', '2025-01-26'),
(1580, 1, 'QnqARXXqHWc', '2025-01-26'),
(1581, 1, 'VW5eYHb-_CE', '2025-01-26'),
(1582, 1, 'kGAwRpNh_Os', '2025-01-26'),
(1583, 1, 'kGAwRpNh_Os', '2025-01-26'),
(1584, 1, 'VW5eYHb-_CE', '2025-01-26'),
(1585, 1, 'Ir6efuAJRHg', '2025-01-26'),
(1586, 1, 'QnqARXXqHWc', '2025-01-26'),
(1587, 1, 'zokyF1_uHTQ', '2025-01-26'),
(1588, 1, 'wzm1__rNfFU', '2025-01-26'),
(1589, 1, 'wzm1__rNfFU', '2025-01-26'),
(1590, 1, 'wzm1__rNfFU', '2025-01-26'),
(1591, 1, 'wzm1__rNfFU', '2025-01-26'),
(1592, 5, 'Jb2Tk8DAYOE', '2025-01-26'),
(1593, 5, 'Jb2Tk8DAYOE', '2025-01-26'),
(1594, 5, 'Jb2Tk8DAYOE', '2025-01-26'),
(1595, 5, 'Jb2Tk8DAYOE', '2025-01-26'),
(1596, 5, 'Jb2Tk8DAYOE', '2025-01-26'),
(1597, 5, '28', '2025-01-26'),
(1598, 5, '28', '2025-01-26'),
(1599, 5, '28', '2025-01-26'),
(1600, 5, '28', '2025-01-26'),
(1601, 5, '28', '2025-01-26'),
(1602, 1, 'wzm1__rNfFU', '2025-01-26'),
(1603, 1, 'Jb2Tk8DAYOE', '2025-01-26'),
(1604, 1, 'IKjx8W9ikFY', '2025-01-26'),
(1605, 1, 'IKjx8W9ikFY', '2025-01-26'),
(1606, 1, 'IKjx8W9ikFY', '2025-01-26'),
(1607, 8, '30', '2025-01-27'),
(1616, 1, 'kutk2XHEZNU', '2025-01-27'),
(1617, 1, '28', '2025-01-27'),
(1618, 1, '28', '2025-01-27'),
(1619, 1, '28', '2025-01-27'),
(1620, 1, '28', '2025-01-27'),
(1621, 1, '28', '2025-01-27'),
(1622, 1, '28', '2025-01-27'),
(1623, 1, '28', '2025-01-27'),
(1624, 1, '28', '2025-01-27'),
(1625, 1, '28', '2025-01-27'),
(1626, 1, '28', '2025-01-27'),
(1627, 1, '28', '2025-01-27'),
(1628, 1, '28', '2025-01-27'),
(1629, 1, '28', '2025-01-27'),
(1630, 1, '28', '2025-01-27'),
(1631, 8, 'Jb2Tk8DAYOE', '2025-01-27'),
(1632, 8, 'mWKDZRJWdF4', '2025-01-27'),
(1633, 8, 'Jb2Tk8DAYOE', '2025-01-27'),
(1634, 8, 'mWKDZRJWdF4', '2025-01-27'),
(1635, 8, 'Jb2Tk8DAYOE', '2025-01-27'),
(1636, 8, 'mWKDZRJWdF4', '2025-01-27'),
(1637, 8, 'Jb2Tk8DAYOE', '2025-01-27'),
(1638, 8, 'mWKDZRJWdF4', '2025-01-27'),
(1639, 8, 'Jb2Tk8DAYOE', '2025-01-27'),
(1640, 8, 'mWKDZRJWdF4', '2025-01-27'),
(1641, 8, 'Jb2Tk8DAYOE', '2025-01-27'),
(1642, 8, 'mWKDZRJWdF4', '2025-01-27'),
(1643, 8, 'Jb2Tk8DAYOE', '2025-01-27'),
(1644, 8, 'mWKDZRJWdF4', '2025-01-27'),
(1645, 8, 'Jb2Tk8DAYOE', '2025-01-27'),
(1646, 8, 'mWKDZRJWdF4', '2025-01-27'),
(1647, 8, 'Jb2Tk8DAYOE', '2025-01-27'),
(1648, 8, 'mWKDZRJWdF4', '2025-01-27'),
(1649, 8, 'Jb2Tk8DAYOE', '2025-01-27'),
(1650, 8, 'mWKDZRJWdF4', '2025-01-27'),
(1651, 8, 'Jb2Tk8DAYOE', '2025-01-27'),
(1652, 8, 'mWKDZRJWdF4', '2025-01-27'),
(1653, 8, 'Jb2Tk8DAYOE', '2025-01-27'),
(1654, 8, 'mWKDZRJWdF4', '2025-01-27'),
(1655, 8, 'Jb2Tk8DAYOE', '2025-01-27'),
(1656, 8, 'mWKDZRJWdF4', '2025-01-27'),
(1657, 8, 'Jb2Tk8DAYOE', '2025-01-27'),
(1658, 8, 'mWKDZRJWdF4', '2025-01-27'),
(1659, 8, 'Jb2Tk8DAYOE', '2025-01-27'),
(1660, 8, 'mWKDZRJWdF4', '2025-01-27'),
(1661, 8, 'Jb2Tk8DAYOE', '2025-01-27'),
(1662, 8, 'mWKDZRJWdF4', '2025-01-27'),
(1663, 8, 'Jb2Tk8DAYOE', '2025-01-27'),
(1664, 8, 'mWKDZRJWdF4', '2025-01-27'),
(1665, 8, 'Jb2Tk8DAYOE', '2025-01-27'),
(1666, 8, 'mWKDZRJWdF4', '2025-01-27'),
(1667, 8, 'Jb2Tk8DAYOE', '2025-01-27'),
(1668, 8, 'mWKDZRJWdF4', '2025-01-27'),
(1669, 8, 'Jb2Tk8DAYOE', '2025-01-27'),
(1670, 8, 'mWKDZRJWdF4', '2025-01-27'),
(1671, 8, 'Jb2Tk8DAYOE', '2025-01-27'),
(1672, 8, 'mWKDZRJWdF4', '2025-01-27'),
(1673, 8, 'Jb2Tk8DAYOE', '2025-01-27'),
(1674, 8, 'mWKDZRJWdF4', '2025-01-27'),
(1675, 8, 'Jb2Tk8DAYOE', '2025-01-27'),
(1676, 8, 'mWKDZRJWdF4', '2025-01-27'),
(1677, 8, 'Jb2Tk8DAYOE', '2025-01-27'),
(1678, 8, 'mWKDZRJWdF4', '2025-01-27'),
(1679, 8, 'Jb2Tk8DAYOE', '2025-01-27'),
(1680, 8, 'mWKDZRJWdF4', '2025-01-27'),
(1681, 8, 'Jb2Tk8DAYOE', '2025-01-27'),
(1682, 8, 'mWKDZRJWdF4', '2025-01-27'),
(1683, 8, 'Jb2Tk8DAYOE', '2025-01-27'),
(1684, 8, 'mWKDZRJWdF4', '2025-01-27'),
(1685, 8, 'Jb2Tk8DAYOE', '2025-01-27'),
(1686, 8, 'mWKDZRJWdF4', '2025-01-27'),
(1687, 8, 'Jb2Tk8DAYOE', '2025-01-27'),
(1688, 8, 'mWKDZRJWdF4', '2025-01-27'),
(1689, 8, 'Jb2Tk8DAYOE', '2025-01-27'),
(1690, 8, 'mWKDZRJWdF4', '2025-01-27'),
(1691, 8, 'Jb2Tk8DAYOE', '2025-01-27'),
(1692, 8, 'mWKDZRJWdF4', '2025-01-27'),
(1693, 8, 'Jb2Tk8DAYOE', '2025-01-27'),
(1694, 8, 'mWKDZRJWdF4', '2025-01-27'),
(1695, 8, 'Jb2Tk8DAYOE', '2025-01-27'),
(1696, 8, 'mWKDZRJWdF4', '2025-01-27'),
(1697, 8, 'Jb2Tk8DAYOE', '2025-01-27'),
(1698, 8, 'mWKDZRJWdF4', '2025-01-27'),
(1699, 8, 'Jb2Tk8DAYOE', '2025-01-27'),
(1700, 8, 'mWKDZRJWdF4', '2025-01-27'),
(1701, 8, 'Jb2Tk8DAYOE', '2025-01-27'),
(1702, 8, 'mWKDZRJWdF4', '2025-01-27'),
(1703, 8, 'Jb2Tk8DAYOE', '2025-01-27'),
(1704, 8, 'mWKDZRJWdF4', '2025-01-27'),
(1705, 8, 'Jb2Tk8DAYOE', '2025-01-27'),
(1706, 8, 'mWKDZRJWdF4', '2025-01-27'),
(1707, 8, 'Jb2Tk8DAYOE', '2025-01-27'),
(1708, 8, 'mWKDZRJWdF4', '2025-01-27'),
(1709, 8, 'Jb2Tk8DAYOE', '2025-01-27'),
(1710, 8, 'mWKDZRJWdF4', '2025-01-27'),
(1711, 8, 'Jb2Tk8DAYOE', '2025-01-27'),
(1712, 8, 'mWKDZRJWdF4', '2025-01-27'),
(1713, 8, 'Jb2Tk8DAYOE', '2025-01-27'),
(1714, 8, 'mWKDZRJWdF4', '2025-01-27'),
(1715, 8, 'Jb2Tk8DAYOE', '2025-01-27'),
(1716, 8, 'mWKDZRJWdF4', '2025-01-27'),
(1717, 8, 'Jb2Tk8DAYOE', '2025-01-27'),
(1718, 8, 'mWKDZRJWdF4', '2025-01-27'),
(1719, 8, 'Jb2Tk8DAYOE', '2025-01-27'),
(1720, 8, 'mWKDZRJWdF4', '2025-01-27'),
(1721, 8, 'Jb2Tk8DAYOE', '2025-01-27'),
(1722, 8, 'mWKDZRJWdF4', '2025-01-27'),
(1723, 8, 'Jb2Tk8DAYOE', '2025-01-27'),
(1724, 8, 'mWKDZRJWdF4', '2025-01-27'),
(1725, 8, 'Jb2Tk8DAYOE', '2025-01-27'),
(1726, 8, 'mWKDZRJWdF4', '2025-01-27'),
(1727, 8, 'Jb2Tk8DAYOE', '2025-01-27'),
(1728, 8, 'mWKDZRJWdF4', '2025-01-27'),
(1729, 8, 'Jb2Tk8DAYOE', '2025-01-27'),
(1730, 8, 'mWKDZRJWdF4', '2025-01-27'),
(1731, 8, 'Jb2Tk8DAYOE', '2025-01-27'),
(1732, 8, 'mWKDZRJWdF4', '2025-01-27'),
(1733, 8, 'Jb2Tk8DAYOE', '2025-01-27'),
(1734, 8, 'mWKDZRJWdF4', '2025-01-27'),
(1735, 8, 'Jb2Tk8DAYOE', '2025-01-27'),
(1736, 8, 'mWKDZRJWdF4', '2025-01-27'),
(1737, 8, 'Jb2Tk8DAYOE', '2025-01-27'),
(1738, 8, 'mWKDZRJWdF4', '2025-01-27'),
(1739, 8, 'Jb2Tk8DAYOE', '2025-01-27'),
(1740, 8, 'mWKDZRJWdF4', '2025-01-27'),
(1741, 8, 'Jb2Tk8DAYOE', '2025-01-27'),
(1742, 8, 'mWKDZRJWdF4', '2025-01-27'),
(1743, 8, 'Jb2Tk8DAYOE', '2025-01-27'),
(1744, 8, 'mWKDZRJWdF4', '2025-01-27'),
(1745, 8, 'Jb2Tk8DAYOE', '2025-01-27'),
(1746, 8, 'mWKDZRJWdF4', '2025-01-27'),
(1747, 8, 'Jb2Tk8DAYOE', '2025-01-27'),
(1748, 8, 'mWKDZRJWdF4', '2025-01-27'),
(1749, 8, 'Jb2Tk8DAYOE', '2025-01-27'),
(1750, 8, 'mWKDZRJWdF4', '2025-01-27'),
(1751, 8, 'Jb2Tk8DAYOE', '2025-01-27'),
(1752, 8, 'mWKDZRJWdF4', '2025-01-27'),
(1753, 8, 'Jb2Tk8DAYOE', '2025-01-27'),
(1754, 8, 'mWKDZRJWdF4', '2025-01-27'),
(1755, 8, 'Jb2Tk8DAYOE', '2025-01-27'),
(1756, 8, 'mWKDZRJWdF4', '2025-01-27'),
(1757, 8, 'Jb2Tk8DAYOE', '2025-01-27'),
(1758, 8, 'mWKDZRJWdF4', '2025-01-27'),
(1759, 8, 'Jb2Tk8DAYOE', '2025-01-27'),
(1760, 8, 'mWKDZRJWdF4', '2025-01-27'),
(1761, 8, 'Jb2Tk8DAYOE', '2025-01-27'),
(1762, 8, 'mWKDZRJWdF4', '2025-01-27'),
(1763, 8, 'Jb2Tk8DAYOE', '2025-01-27'),
(1764, 8, 'mWKDZRJWdF4', '2025-01-27'),
(1765, 8, 'Jb2Tk8DAYOE', '2025-01-27'),
(1766, 8, 'mWKDZRJWdF4', '2025-01-27'),
(1767, 8, 'Jb2Tk8DAYOE', '2025-01-27'),
(1768, 8, 'mWKDZRJWdF4', '2025-01-27'),
(1769, 8, 'Jb2Tk8DAYOE', '2025-01-27'),
(1770, 8, 'mWKDZRJWdF4', '2025-01-27'),
(1771, 8, 'Jb2Tk8DAYOE', '2025-01-27'),
(1772, 8, 'mWKDZRJWdF4', '2025-01-27'),
(1773, 8, 'Jb2Tk8DAYOE', '2025-01-27'),
(1774, 8, 'mWKDZRJWdF4', '2025-01-27'),
(1775, 8, 'Jb2Tk8DAYOE', '2025-01-27'),
(1776, 8, 'mWKDZRJWdF4', '2025-01-27'),
(1777, 8, 'Jb2Tk8DAYOE', '2025-01-27'),
(1778, 8, 'mWKDZRJWdF4', '2025-01-27'),
(1779, 8, 'Jb2Tk8DAYOE', '2025-01-27'),
(1780, 8, 'mWKDZRJWdF4', '2025-01-27'),
(1781, 8, 'Jb2Tk8DAYOE', '2025-01-27'),
(1782, 8, 'mWKDZRJWdF4', '2025-01-27'),
(1783, 8, 'Jb2Tk8DAYOE', '2025-01-27'),
(1784, 8, 'mWKDZRJWdF4', '2025-01-27'),
(1785, 8, 'Jb2Tk8DAYOE', '2025-01-27'),
(1786, 8, 'mWKDZRJWdF4', '2025-01-27'),
(1787, 8, 'Jb2Tk8DAYOE', '2025-01-27'),
(1788, 8, 'mWKDZRJWdF4', '2025-01-27'),
(1789, 8, 'mWKDZRJWdF4', '2025-01-27'),
(1790, 8, 'Jb2Tk8DAYOE', '2025-01-27'),
(1791, 8, 'Jb2Tk8DAYOE', '2025-01-27'),
(1792, 8, 'mWKDZRJWdF4', '2025-01-27'),
(1793, 8, 'Jb2Tk8DAYOE', '2025-01-27'),
(1794, 8, 'mWKDZRJWdF4', '2025-01-27'),
(1795, 8, 'Jb2Tk8DAYOE', '2025-01-27'),
(1796, 8, 'Jb2Tk8DAYOE', '2025-01-27'),
(1797, 8, 'Jb2Tk8DAYOE', '2025-01-27'),
(1798, 8, 'mWKDZRJWdF4', '2025-01-27'),
(1799, 8, 'mWKDZRJWdF4', '2025-01-27'),
(1800, 8, 'mWKDZRJWdF4', '2025-01-27'),
(1801, 8, 'Jb2Tk8DAYOE', '2025-01-27'),
(1802, 8, 'mWKDZRJWdF4', '2025-01-27'),
(1803, 1, 'Jb2Tk8DAYOE', '2025-01-27'),
(1804, 8, 'Jb2Tk8DAYOE', '2025-01-27'),
(1805, 8, 'mWKDZRJWdF4', '2025-01-27'),
(1806, 8, 'Jb2Tk8DAYOE', '2025-01-27'),
(1807, 8, 'mWKDZRJWdF4', '2025-01-27'),
(1808, 8, 'Jb2Tk8DAYOE', '2025-01-27'),
(1809, 8, 'mWKDZRJWdF4', '2025-01-27'),
(1810, 8, 'Jb2Tk8DAYOE', '2025-01-27'),
(1811, 8, 'mWKDZRJWdF4', '2025-01-27'),
(1812, 8, 'Jb2Tk8DAYOE', '2025-01-27'),
(1813, 8, 'mWKDZRJWdF4', '2025-01-27'),
(1814, 8, 'Jb2Tk8DAYOE', '2025-01-27'),
(1815, 8, 'mWKDZRJWdF4', '2025-01-27'),
(1816, 8, 'Jb2Tk8DAYOE', '2025-01-27'),
(1817, 8, 'mWKDZRJWdF4', '2025-01-27'),
(1818, 8, 'Jb2Tk8DAYOE', '2025-01-27'),
(1819, 8, 'mWKDZRJWdF4', '2025-01-27'),
(1820, 8, 'Jb2Tk8DAYOE', '2025-01-27'),
(1821, 8, 'mWKDZRJWdF4', '2025-01-27'),
(1822, 8, 'Jb2Tk8DAYOE', '2025-01-27'),
(1823, 8, 'mWKDZRJWdF4', '2025-01-27'),
(1824, 8, 'Jb2Tk8DAYOE', '2025-01-27'),
(1825, 8, 'mWKDZRJWdF4', '2025-01-27'),
(1826, 8, 'Jb2Tk8DAYOE', '2025-01-27'),
(1827, 8, 'mWKDZRJWdF4', '2025-01-27'),
(1828, 8, 'Jb2Tk8DAYOE', '2025-01-27'),
(1829, 8, 'mWKDZRJWdF4', '2025-01-27'),
(1830, 8, 'Jb2Tk8DAYOE', '2025-01-27'),
(1831, 8, 'mWKDZRJWdF4', '2025-01-27'),
(1832, 8, 'Jb2Tk8DAYOE', '2025-01-27'),
(1833, 8, 'mWKDZRJWdF4', '2025-01-27'),
(1834, 8, 'Jb2Tk8DAYOE', '2025-01-27'),
(1835, 8, 'mWKDZRJWdF4', '2025-01-27'),
(1836, 8, 'Jb2Tk8DAYOE', '2025-01-27'),
(1837, 8, 'mWKDZRJWdF4', '2025-01-27'),
(1838, 8, 'Jb2Tk8DAYOE', '2025-01-27'),
(1839, 8, 'mWKDZRJWdF4', '2025-01-27'),
(1840, 8, 'Jb2Tk8DAYOE', '2025-01-27'),
(1841, 8, 'mWKDZRJWdF4', '2025-01-27'),
(1842, 8, 'Jb2Tk8DAYOE', '2025-01-27'),
(1843, 8, 'mWKDZRJWdF4', '2025-01-27'),
(1844, 8, 'Jb2Tk8DAYOE', '2025-01-27'),
(1845, 8, 'mWKDZRJWdF4', '2025-01-27'),
(1846, 8, 'Jb2Tk8DAYOE', '2025-01-27'),
(1847, 8, 'mWKDZRJWdF4', '2025-01-27'),
(1848, 8, 'Jb2Tk8DAYOE', '2025-01-27'),
(1849, 8, 'mWKDZRJWdF4', '2025-01-27'),
(1850, 8, 'Jb2Tk8DAYOE', '2025-01-27'),
(1851, 8, 'mWKDZRJWdF4', '2025-01-27'),
(1852, 8, 'Jb2Tk8DAYOE', '2025-01-27'),
(1853, 8, 'mWKDZRJWdF4', '2025-01-27'),
(1854, 8, 'Jb2Tk8DAYOE', '2025-01-27'),
(1855, 8, 'mWKDZRJWdF4', '2025-01-27'),
(1856, 8, 'Jb2Tk8DAYOE', '2025-01-27'),
(1857, 8, 'mWKDZRJWdF4', '2025-01-27'),
(1858, 8, 'Jb2Tk8DAYOE', '2025-01-27'),
(1859, 8, 'mWKDZRJWdF4', '2025-01-27'),
(1860, 8, 'Jb2Tk8DAYOE', '2025-01-27'),
(1861, 8, 'mWKDZRJWdF4', '2025-01-27'),
(1862, 8, 'Jb2Tk8DAYOE', '2025-01-27'),
(1863, 8, 'mWKDZRJWdF4', '2025-01-27'),
(1864, 8, 'Jb2Tk8DAYOE', '2025-01-27'),
(1865, 8, 'mWKDZRJWdF4', '2025-01-27'),
(1866, 8, 'Jb2Tk8DAYOE', '2025-01-27'),
(1867, 8, 'mWKDZRJWdF4', '2025-01-27'),
(1868, 8, 'Jb2Tk8DAYOE', '2025-01-27'),
(1869, 8, 'mWKDZRJWdF4', '2025-01-27'),
(1870, 8, 'Jb2Tk8DAYOE', '2025-01-27'),
(1871, 8, 'mWKDZRJWdF4', '2025-01-27'),
(1872, 8, 'Jb2Tk8DAYOE', '2025-01-27'),
(1873, 8, 'mWKDZRJWdF4', '2025-01-27'),
(1874, 8, 'Jb2Tk8DAYOE', '2025-01-27'),
(1875, 8, 'mWKDZRJWdF4', '2025-01-27'),
(1876, 8, 'Jb2Tk8DAYOE', '2025-01-27'),
(1877, 8, 'mWKDZRJWdF4', '2025-01-27'),
(1878, 8, 'Jb2Tk8DAYOE', '2025-01-27'),
(1879, 8, 'mWKDZRJWdF4', '2025-01-27'),
(1880, 8, 'Jb2Tk8DAYOE', '2025-01-27'),
(1881, 8, 'mWKDZRJWdF4', '2025-01-27'),
(1882, 8, 'Jb2Tk8DAYOE', '2025-01-27'),
(1883, 8, 'mWKDZRJWdF4', '2025-01-27'),
(1884, 8, 'Jb2Tk8DAYOE', '2025-01-27'),
(1885, 8, 'mWKDZRJWdF4', '2025-01-27'),
(1886, 8, 'Jb2Tk8DAYOE', '2025-01-27'),
(1887, 8, 'mWKDZRJWdF4', '2025-01-27'),
(1888, 8, 'Jb2Tk8DAYOE', '2025-01-27'),
(1889, 8, 'mWKDZRJWdF4', '2025-01-27'),
(1890, 8, 'Jb2Tk8DAYOE', '2025-01-27'),
(1891, 8, 'mWKDZRJWdF4', '2025-01-27'),
(1892, 8, 'Jb2Tk8DAYOE', '2025-01-27'),
(1893, 8, 'mWKDZRJWdF4', '2025-01-27'),
(1894, 8, 'Jb2Tk8DAYOE', '2025-01-27'),
(1895, 8, 'mWKDZRJWdF4', '2025-01-27'),
(1896, 8, 'Jb2Tk8DAYOE', '2025-01-27'),
(1897, 8, 'mWKDZRJWdF4', '2025-01-27'),
(1898, 8, 'Jb2Tk8DAYOE', '2025-01-27'),
(1899, 8, 'mWKDZRJWdF4', '2025-01-27'),
(1900, 8, 'Jb2Tk8DAYOE', '2025-01-27');
INSERT INTO `activity` (`id`, `user`, `sound`, `date`) VALUES
(1901, 8, 'mWKDZRJWdF4', '2025-01-27'),
(1902, 8, 'Jb2Tk8DAYOE', '2025-01-27'),
(1903, 8, 'mWKDZRJWdF4', '2025-01-27'),
(1904, 8, 'Jb2Tk8DAYOE', '2025-01-27'),
(1905, 8, 'mWKDZRJWdF4', '2025-01-27'),
(1906, 8, 'Jb2Tk8DAYOE', '2025-01-27'),
(1907, 8, 'mWKDZRJWdF4', '2025-01-27'),
(1908, 8, 'Jb2Tk8DAYOE', '2025-01-27'),
(1909, 8, 'mWKDZRJWdF4', '2025-01-27'),
(1910, 8, 'Jb2Tk8DAYOE', '2025-01-27'),
(1911, 8, 'mWKDZRJWdF4', '2025-01-27'),
(1912, 8, 'Jb2Tk8DAYOE', '2025-01-27'),
(1913, 8, 'mWKDZRJWdF4', '2025-01-27'),
(1914, 8, 'Jb2Tk8DAYOE', '2025-01-27'),
(1915, 8, 'mWKDZRJWdF4', '2025-01-27'),
(1916, 8, 'Jb2Tk8DAYOE', '2025-01-27'),
(1917, 8, 'mWKDZRJWdF4', '2025-01-27'),
(1918, 8, 'Jb2Tk8DAYOE', '2025-01-27'),
(1919, 8, 'mWKDZRJWdF4', '2025-01-27'),
(1920, 8, 'Jb2Tk8DAYOE', '2025-01-27'),
(1921, 8, 'mWKDZRJWdF4', '2025-01-27'),
(1922, 8, 'Jb2Tk8DAYOE', '2025-01-27'),
(1923, 8, 'mWKDZRJWdF4', '2025-01-27'),
(1924, 8, 'Jb2Tk8DAYOE', '2025-01-27'),
(1925, 8, 'mWKDZRJWdF4', '2025-01-27'),
(1926, 8, 'Jb2Tk8DAYOE', '2025-01-27'),
(1927, 8, 'mWKDZRJWdF4', '2025-01-27'),
(1928, 8, 'Jb2Tk8DAYOE', '2025-01-27'),
(1929, 8, 'mWKDZRJWdF4', '2025-01-27'),
(1930, 8, 'Jb2Tk8DAYOE', '2025-01-27'),
(1931, 8, 'mWKDZRJWdF4', '2025-01-27'),
(1932, 8, 'Jb2Tk8DAYOE', '2025-01-27'),
(1933, 8, 'mWKDZRJWdF4', '2025-01-27'),
(1934, 8, 'Jb2Tk8DAYOE', '2025-01-27'),
(1935, 8, 'mWKDZRJWdF4', '2025-01-27'),
(1936, 8, 'Jb2Tk8DAYOE', '2025-01-27'),
(1937, 8, 'mWKDZRJWdF4', '2025-01-27'),
(1938, 8, 'Jb2Tk8DAYOE', '2025-01-27'),
(1939, 8, 'mWKDZRJWdF4', '2025-01-27'),
(1940, 8, 'Jb2Tk8DAYOE', '2025-01-27'),
(1941, 8, 'mWKDZRJWdF4', '2025-01-27'),
(1942, 8, 'Jb2Tk8DAYOE', '2025-01-27'),
(1943, 8, 'mWKDZRJWdF4', '2025-01-27'),
(1944, 8, 'Jb2Tk8DAYOE', '2025-01-27'),
(1945, 8, 'mWKDZRJWdF4', '2025-01-27'),
(1946, 8, 'Jb2Tk8DAYOE', '2025-01-27'),
(1947, 8, 'mWKDZRJWdF4', '2025-01-27'),
(1948, 8, 'Jb2Tk8DAYOE', '2025-01-27'),
(1949, 8, 'mWKDZRJWdF4', '2025-01-27'),
(1950, 8, 'Jb2Tk8DAYOE', '2025-01-27'),
(1951, 8, 'mWKDZRJWdF4', '2025-01-27'),
(1952, 8, 'Jb2Tk8DAYOE', '2025-01-27'),
(1953, 8, 'mWKDZRJWdF4', '2025-01-27'),
(1954, 8, 'Jb2Tk8DAYOE', '2025-01-27'),
(1955, 8, 'mWKDZRJWdF4', '2025-01-27'),
(1956, 8, 'Jb2Tk8DAYOE', '2025-01-27'),
(1957, 8, 'mWKDZRJWdF4', '2025-01-27'),
(1958, 8, 'Jb2Tk8DAYOE', '2025-01-27'),
(1959, 8, 'mWKDZRJWdF4', '2025-01-27'),
(1960, 8, 'Jb2Tk8DAYOE', '2025-01-27'),
(1961, 8, 'mWKDZRJWdF4', '2025-01-27'),
(1962, 8, 'Jb2Tk8DAYOE', '2025-01-27'),
(1963, 8, 'mWKDZRJWdF4', '2025-01-27'),
(1964, 8, 'Jb2Tk8DAYOE', '2025-01-27'),
(1965, 8, 'mWKDZRJWdF4', '2025-01-27'),
(1966, 8, 'Jb2Tk8DAYOE', '2025-01-27'),
(1967, 8, 'mWKDZRJWdF4', '2025-01-27'),
(1968, 8, 'Jb2Tk8DAYOE', '2025-01-27'),
(1969, 8, 'mWKDZRJWdF4', '2025-01-27'),
(1970, 8, 'Jb2Tk8DAYOE', '2025-01-27'),
(1971, 8, 'mWKDZRJWdF4', '2025-01-27'),
(1972, 8, 'Jb2Tk8DAYOE', '2025-01-27'),
(1973, 8, 'mWKDZRJWdF4', '2025-01-27'),
(1974, 8, 'Jb2Tk8DAYOE', '2025-01-27'),
(1975, 8, 'mWKDZRJWdF4', '2025-01-27'),
(1976, 8, 'Jb2Tk8DAYOE', '2025-01-27'),
(1977, 8, 'mWKDZRJWdF4', '2025-01-27'),
(1978, 8, 'Jb2Tk8DAYOE', '2025-01-27'),
(1979, 8, 'mWKDZRJWdF4', '2025-01-27'),
(1980, 8, 'Jb2Tk8DAYOE', '2025-01-27'),
(1981, 8, 'mWKDZRJWdF4', '2025-01-27'),
(1982, 8, 'Jb2Tk8DAYOE', '2025-01-27'),
(1983, 8, 'mWKDZRJWdF4', '2025-01-27'),
(1984, 8, 'Jb2Tk8DAYOE', '2025-01-27'),
(1985, 8, 'mWKDZRJWdF4', '2025-01-27'),
(1986, 8, 'Jb2Tk8DAYOE', '2025-01-27'),
(1987, 8, 'mWKDZRJWdF4', '2025-01-27'),
(1988, 8, 'Jb2Tk8DAYOE', '2025-01-27'),
(1989, 8, 'mWKDZRJWdF4', '2025-01-27'),
(1990, 8, 'Jb2Tk8DAYOE', '2025-01-27'),
(1991, 8, 'mWKDZRJWdF4', '2025-01-27'),
(1992, 8, 'Jb2Tk8DAYOE', '2025-01-27'),
(1993, 8, 'mWKDZRJWdF4', '2025-01-27'),
(1994, 8, 'Jb2Tk8DAYOE', '2025-01-27'),
(1995, 8, 'mWKDZRJWdF4', '2025-01-27'),
(1996, 8, 'Jb2Tk8DAYOE', '2025-01-27'),
(1997, 8, 'mWKDZRJWdF4', '2025-01-27'),
(1998, 8, 'Jb2Tk8DAYOE', '2025-01-27'),
(1999, 8, 'mWKDZRJWdF4', '2025-01-27'),
(2000, 8, 'Jb2Tk8DAYOE', '2025-01-27'),
(2001, 8, 'mWKDZRJWdF4', '2025-01-27'),
(2002, 8, 'Jb2Tk8DAYOE', '2025-01-27'),
(2003, 8, 'mWKDZRJWdF4', '2025-01-27'),
(2004, 8, 'Jb2Tk8DAYOE', '2025-01-27'),
(2005, 8, 'mWKDZRJWdF4', '2025-01-27'),
(2006, 8, 'Jb2Tk8DAYOE', '2025-01-27'),
(2007, 8, 'mWKDZRJWdF4', '2025-01-27'),
(2008, 8, 'Jb2Tk8DAYOE', '2025-01-27'),
(2009, 8, 'mWKDZRJWdF4', '2025-01-27'),
(2010, 8, 'Jb2Tk8DAYOE', '2025-01-27'),
(2011, 8, 'mWKDZRJWdF4', '2025-01-27'),
(2012, 8, 'Jb2Tk8DAYOE', '2025-01-27'),
(2013, 8, 'mWKDZRJWdF4', '2025-01-27'),
(2014, 8, 'Jb2Tk8DAYOE', '2025-01-27'),
(2015, 8, 'mWKDZRJWdF4', '2025-01-27'),
(2016, 8, 'Jb2Tk8DAYOE', '2025-01-27'),
(2017, 8, 'mWKDZRJWdF4', '2025-01-27'),
(2018, 8, 'Jb2Tk8DAYOE', '2025-01-27'),
(2019, 8, 'mWKDZRJWdF4', '2025-01-27'),
(2020, 8, 'Jb2Tk8DAYOE', '2025-01-27'),
(2021, 8, 'mWKDZRJWdF4', '2025-01-27'),
(2022, 8, 'Jb2Tk8DAYOE', '2025-01-27'),
(2023, 8, 'mWKDZRJWdF4', '2025-01-27'),
(2024, 8, 'Jb2Tk8DAYOE', '2025-01-27'),
(2025, 8, 'mWKDZRJWdF4', '2025-01-27'),
(2026, 8, 'Jb2Tk8DAYOE', '2025-01-27'),
(2027, 8, 'mWKDZRJWdF4', '2025-01-27'),
(2028, 8, 'Jb2Tk8DAYOE', '2025-01-27'),
(2029, 8, 'mWKDZRJWdF4', '2025-01-27'),
(2030, 8, 'Jb2Tk8DAYOE', '2025-01-27'),
(2031, 8, 'mWKDZRJWdF4', '2025-01-27'),
(2032, 8, 'Jb2Tk8DAYOE', '2025-01-27'),
(2033, 8, 'mWKDZRJWdF4', '2025-01-27'),
(2034, 8, 'Jb2Tk8DAYOE', '2025-01-27'),
(2035, 8, 'mWKDZRJWdF4', '2025-01-27'),
(2036, 8, 'Jb2Tk8DAYOE', '2025-01-27'),
(2037, 8, 'mWKDZRJWdF4', '2025-01-27'),
(2038, 8, 'Jb2Tk8DAYOE', '2025-01-27'),
(2039, 1, 'Jb2Tk8DAYOE', '2025-01-27'),
(2040, 1, 'Jb2Tk8DAYOE', '2025-01-27'),
(2041, 1, 'Jb2Tk8DAYOE', '2025-01-27'),
(2042, 1, 'Jb2Tk8DAYOE', '2025-01-27'),
(2043, 1, 'kutk2XHEZNU', '2025-01-27'),
(2044, 2, '28', '2025-01-27'),
(2045, 3, 'DPgE7PNzXag', '2025-01-27'),
(2046, 1, 'kutk2XHEZNU', '2025-01-27'),
(2047, 1, 'YpulNdIgnSc', '2025-01-27'),
(2048, 3, 'DPgE7PNzXag', '2025-01-27'),
(2049, 5, 'MwpMEbgC7DA', '2025-01-27'),
(2050, 5, 'A7ZMFRqE-CY', '2025-01-27'),
(2051, 5, 'A7ZMFRqE-CY', '2025-01-27'),
(2052, 5, 'A7ZMFRqE-CY', '2025-01-27'),
(2053, 5, '4fgzu9Fo66Y', '2025-01-27'),
(2054, 1, 'undefined', '2025-01-27'),
(2055, 1, 'undefined', '2025-01-27'),
(2057, 1, '28', '2025-01-27'),
(2058, 1, '20', '2025-01-27'),
(2059, 1, '20', '2025-01-27'),
(2060, 1, '20', '2025-01-27'),
(2061, 1, '27', '2025-01-27'),
(2062, 1, '20', '2025-01-27'),
(2063, 1, '27', '2025-01-27'),
(2065, 1, '27', '2025-01-27'),
(2066, 1, 'IKjx8W9ikFY', '2025-01-27'),
(2067, 1, '27', '2025-01-27'),
(2068, 1, '20', '2025-01-27'),
(2069, 1, '27', '2025-01-27'),
(2070, 1, 'IKjx8W9ikFY', '2025-01-27'),
(2071, 1, '20', '2025-01-27'),
(2072, 1, 's81c1qtUluE', '2025-01-27'),
(2073, 1, 'WpF2CNxpjgc', '2025-01-27'),
(2074, 1, '28', '2025-01-27'),
(2075, 1, '28', '2025-01-27'),
(2076, 1, 's81c1qtUluE', '2025-01-27'),
(2077, 1, 'IKjx8W9ikFY', '2025-01-27'),
(2078, 1, 'IKjx8W9ikFY', '2025-01-27'),
(2079, 1, 's81c1qtUluE', '2025-01-27'),
(2080, 1, 'IfC-nXlgaNU', '2025-01-27'),
(2081, 1, '20', '2025-01-27'),
(2082, 1, 'WpF2CNxpjgc', '2025-01-27'),
(2083, 1, 'WpF2CNxpjgc', '2025-01-27'),
(2084, 1, 'IKjx8W9ikFY', '2025-01-27'),
(2085, 1, '20', '2025-01-27'),
(2086, 1, 's81c1qtUluE', '2025-01-27'),
(2087, 1, 's81c1qtUluE', '2025-01-27'),
(2088, 1, '20', '2025-01-27'),
(2089, 1, 'IKjx8W9ikFY', '2025-01-27'),
(2090, 1, 'IKjx8W9ikFY', '2025-01-27'),
(2091, 1, '20', '2025-01-27'),
(2092, 1, 's81c1qtUluE', '2025-01-27'),
(2093, 1, 's81c1qtUluE', '2025-01-27'),
(2094, 1, '20', '2025-01-27'),
(2095, 1, '27', '2025-01-27'),
(2096, 1, 'IKjx8W9ikFY', '2025-01-27'),
(2097, 1, 's81c1qtUluE', '2025-01-27'),
(2098, 1, 's81c1qtUluE', '2025-01-27'),
(2099, 1, 'IKjx8W9ikFY', '2025-01-27'),
(2100, 1, '20', '2025-01-27'),
(2101, 1, '30', '2025-01-27'),
(2102, 1, 'WpF2CNxpjgc', '2025-01-27'),
(2103, 1, 'WpF2CNxpjgc', '2025-01-27'),
(2106, 1, 's81c1qtUluE', '2025-01-27'),
(2107, 1, 's81c1qtUluE', '2025-01-27'),
(2110, 1, 's81c1qtUluE', '2025-01-27'),
(2111, 1, 's81c1qtUluE', '2025-01-27'),
(2112, 1, 'IKjx8W9ikFY', '2025-01-27'),
(2113, 1, '20', '2025-01-27'),
(2114, 1, 's81c1qtUluE', '2025-01-27'),
(2115, 1, 'IKjx8W9ikFY', '2025-01-27'),
(2116, 1, 'Jb2Tk8DAYOE', '2025-01-27'),
(2117, 1, 'GrAchTdepsU', '2025-01-27'),
(2118, 1, '28', '2025-01-27'),
(2119, 1, 'Jb2Tk8DAYOE', '2025-01-27'),
(2120, 1, 'Jb2Tk8DAYOE', '2025-01-27'),
(2121, 1, '28', '2025-01-27'),
(2122, 1, 'GrAchTdepsU', '2025-01-27'),
(2123, 2, 'mWKDZRJWdF4', '2025-01-27'),
(2124, 2, '27', '2025-01-27'),
(2125, 2, 'mWKDZRJWdF4', '2025-01-27'),
(2126, 36, 'mWKDZRJWdF4', '2025-01-27'),
(2127, 36, 'Jb2Tk8DAYOE', '2025-01-27'),
(2128, 1, 'GrAchTdepsU', '2025-01-27'),
(2129, 36, 'IKjx8W9ikFY', '2025-01-27'),
(2130, 36, '28', '2025-01-27'),
(2131, 1, 'IKjx8W9ikFY', '2025-01-27'),
(2132, 1, '28', '2025-01-27'),
(2133, 1, 'GrAchTdepsU', '2025-01-27'),
(2134, 1, 'IKjx8W9ikFY', '2025-01-27'),
(2135, 1, 'Jb2Tk8DAYOE', '2025-01-27'),
(2136, 1, '28', '2025-01-27'),
(2137, 36, 'mWKDZRJWdF4', '2025-01-27'),
(2138, 36, '28', '2025-01-27'),
(2139, 1, 'GrAchTdepsU', '2025-01-27'),
(2140, 36, '20', '2025-01-27'),
(2141, 36, '27', '2025-01-27'),
(2142, 1, 'Jb2Tk8DAYOE', '2025-01-27'),
(2143, 1, '28', '2025-01-27'),
(2144, 36, '30', '2025-01-27'),
(2145, 36, '28', '2025-01-27'),
(2146, 36, '20', '2025-01-27'),
(2147, 36, '27', '2025-01-27'),
(2148, 36, '30', '2025-01-27'),
(2149, 1, '28', '2025-01-27'),
(2150, 36, '20', '2025-01-27'),
(2151, 36, '28', '2025-01-27'),
(2152, 36, '27', '2025-01-27'),
(2153, 1, '28', '2025-01-27'),
(2154, 1, 'GrAchTdepsU', '2025-01-27'),
(2155, 36, '27', '2025-01-27'),
(2156, 36, '27', '2025-01-27'),
(2157, 36, 'mWKDZRJWdF4', '2025-01-27'),
(2158, 36, '28', '2025-01-27'),
(2159, 36, '20', '2025-01-27'),
(2160, 1, 'GrAchTdepsU', '2025-01-27'),
(2161, 36, '30', '2025-01-27'),
(2162, 1, '28', '2025-01-27'),
(2163, 1, 'Jb2Tk8DAYOE', '2025-01-27'),
(2164, 36, '27', '2025-01-27'),
(2165, 1, 'GrAchTdepsU', '2025-01-27'),
(2166, 1, '28', '2025-01-27'),
(2167, 1, 'Jb2Tk8DAYOE', '2025-01-27'),
(2168, 1, 'Jb2Tk8DAYOE', '2025-01-27'),
(2169, 1, '28', '2025-01-27'),
(2170, 1, 'GrAchTdepsU', '2025-01-27'),
(2171, 1, 'GrAchTdepsU', '2025-01-27'),
(2172, 1, '28', '2025-01-27'),
(2173, 1, 'GrAchTdepsU', '2025-01-27'),
(2174, 1, '28', '2025-01-27'),
(2175, 1, 'GrAchTdepsU', '2025-01-27'),
(2176, 1, 'GrAchTdepsU', '2025-01-27'),
(2177, 1, 'GrAchTdepsU', '2025-01-27'),
(2178, 1, 'GrAchTdepsU', '2025-01-27'),
(2179, 1, 'GrAchTdepsU', '2025-01-27'),
(2180, 1, 'GrAchTdepsU', '2025-01-27'),
(2181, 1, 'GrAchTdepsU', '2025-01-27'),
(2182, 1, '28', '2025-01-27'),
(2183, 1, 'GrAchTdepsU', '2025-01-27'),
(2184, 1, 'GrAchTdepsU', '2025-01-27'),
(2185, 1, '28', '2025-01-27'),
(2186, 1, '27', '2025-01-27'),
(2187, 1, '27', '2025-01-27'),
(2188, 1, '27', '2025-01-27'),
(2189, 1, 'Jb2Tk8DAYOE', '2025-01-27'),
(2190, 1, 'Jb2Tk8DAYOE', '2025-01-27'),
(2191, 1, 'Jb2Tk8DAYOE', '2025-01-27'),
(2192, 1, 'Jb2Tk8DAYOE', '2025-01-27'),
(2193, 1, '28', '2025-01-27'),
(2194, 1, '28', '2025-01-27'),
(2195, 1, '28', '2025-01-27'),
(2196, 1, '28', '2025-01-27'),
(2197, 1, '28', '2025-01-27'),
(2198, 1, 'Jb2Tk8DAYOE', '2025-01-27'),
(2199, 1, 'Jb2Tk8DAYOE', '2025-01-27'),
(2200, 1, 'Jb2Tk8DAYOE', '2025-01-27'),
(2201, 1, 'Jb2Tk8DAYOE', '2025-01-27'),
(2202, 1, 'Jb2Tk8DAYOE', '2025-01-27'),
(2203, 1, 'Jb2Tk8DAYOE', '2025-01-27'),
(2204, 1, 'Jb2Tk8DAYOE', '2025-01-27'),
(2205, 1, 'Jb2Tk8DAYOE', '2025-01-27'),
(2206, 1, 'Jb2Tk8DAYOE', '2025-01-27'),
(2207, 1, 'Jb2Tk8DAYOE', '2025-01-27'),
(2208, 1, 'Jb2Tk8DAYOE', '2025-01-27'),
(2209, 1, 'Jb2Tk8DAYOE', '2025-01-27'),
(2210, 1, 'Jb2Tk8DAYOE', '2025-01-27'),
(2211, 1, 'Jb2Tk8DAYOE', '2025-01-27'),
(2212, 1, '28', '2025-01-27'),
(2213, 1, 's81c1qtUluE', '2025-01-27'),
(2214, 1, '28', '2025-01-27'),
(2215, 1, 'Jb2Tk8DAYOE', '2025-01-27'),
(2216, 1, 's81c1qtUluE', '2025-01-27'),
(2217, 1, '28', '2025-01-27'),
(2218, 1, 'Jb2Tk8DAYOE', '2025-01-27'),
(2219, 1, 's81c1qtUluE', '2025-01-27'),
(2220, 1, '28', '2025-01-27'),
(2221, 1, 'Jb2Tk8DAYOE', '2025-01-27'),
(2222, 1, 's81c1qtUluE', '2025-01-27'),
(2223, 1, '28', '2025-01-27'),
(2224, 1, 'Jb2Tk8DAYOE', '2025-01-27'),
(2225, 1, 's81c1qtUluE', '2025-01-27'),
(2226, 1, '28', '2025-01-27'),
(2227, 1, 'Jb2Tk8DAYOE', '2025-01-27'),
(2228, 1, 's81c1qtUluE', '2025-01-27'),
(2229, 1, '28', '2025-01-27'),
(2230, 1, 'Jb2Tk8DAYOE', '2025-01-27'),
(2231, 1, 's81c1qtUluE', '2025-01-27'),
(2232, 1, '28', '2025-01-27'),
(2233, 1, 'Jb2Tk8DAYOE', '2025-01-27'),
(2234, 1, 's81c1qtUluE', '2025-01-27'),
(2235, 1, '28', '2025-01-27'),
(2236, 1, 'Jb2Tk8DAYOE', '2025-01-27'),
(2237, 1, 's81c1qtUluE', '2025-01-27'),
(2238, 1, '28', '2025-01-27'),
(2239, 1, 'Jb2Tk8DAYOE', '2025-01-27'),
(2240, 1, 's81c1qtUluE', '2025-01-27'),
(2241, 1, '28', '2025-01-27'),
(2242, 1, 'Jb2Tk8DAYOE', '2025-01-27'),
(2243, 1, 's81c1qtUluE', '2025-01-27'),
(2244, 1, '28', '2025-01-27'),
(2245, 1, 'Jb2Tk8DAYOE', '2025-01-27'),
(2246, 1, 's81c1qtUluE', '2025-01-27'),
(2247, 1, '28', '2025-01-27'),
(2248, 1, 'Jb2Tk8DAYOE', '2025-01-27'),
(2249, 1, 's81c1qtUluE', '2025-01-27'),
(2250, 1, '28', '2025-01-27'),
(2251, 1, 'Jb2Tk8DAYOE', '2025-01-27'),
(2252, 1, 's81c1qtUluE', '2025-01-27'),
(2253, 1, '28', '2025-01-27'),
(2254, 1, 'Jb2Tk8DAYOE', '2025-01-27'),
(2255, 1, 's81c1qtUluE', '2025-01-27'),
(2256, 1, '28', '2025-01-27'),
(2257, 1, 'Jb2Tk8DAYOE', '2025-01-27'),
(2258, 1, 's81c1qtUluE', '2025-01-27'),
(2259, 1, '28', '2025-01-27'),
(2260, 1, 'Jb2Tk8DAYOE', '2025-01-27'),
(2261, 1, '28', '2025-01-27'),
(2262, 1, 'Jb2Tk8DAYOE', '2025-01-27'),
(2263, 1, 's81c1qtUluE', '2025-01-27'),
(2264, 1, '28', '2025-01-27'),
(2265, 1, 'Jb2Tk8DAYOE', '2025-01-27'),
(2266, 1, 's81c1qtUluE', '2025-01-27'),
(2267, 1, '28', '2025-01-27'),
(2268, 1, 'Jb2Tk8DAYOE', '2025-01-27'),
(2269, 1, 's81c1qtUluE', '2025-01-27'),
(2270, 1, '28', '2025-01-27'),
(2271, 1, 'Jb2Tk8DAYOE', '2025-01-27'),
(2272, 1, 's81c1qtUluE', '2025-01-27'),
(2273, 1, '28', '2025-01-27'),
(2274, 1, 'Jb2Tk8DAYOE', '2025-01-27'),
(2275, 1, 's81c1qtUluE', '2025-01-27'),
(2276, 1, '28', '2025-01-27'),
(2277, 1, 'Jb2Tk8DAYOE', '2025-01-27'),
(2278, 1, 's81c1qtUluE', '2025-01-27'),
(2279, 1, '28', '2025-01-27'),
(2280, 1, 'Jb2Tk8DAYOE', '2025-01-27'),
(2281, 1, 's81c1qtUluE', '2025-01-27'),
(2282, 1, '28', '2025-01-27'),
(2283, 1, 'Jb2Tk8DAYOE', '2025-01-27'),
(2284, 1, 's81c1qtUluE', '2025-01-27'),
(2285, 1, '28', '2025-01-27'),
(2286, 1, 'Jb2Tk8DAYOE', '2025-01-27'),
(2287, 1, 's81c1qtUluE', '2025-01-27'),
(2288, 1, '28', '2025-01-27'),
(2289, 1, 'Jb2Tk8DAYOE', '2025-01-27'),
(2290, 1, 's81c1qtUluE', '2025-01-27'),
(2291, 1, '28', '2025-01-27'),
(2292, 1, 'Jb2Tk8DAYOE', '2025-01-27'),
(2293, 1, 's81c1qtUluE', '2025-01-27'),
(2294, 1, '28', '2025-01-27'),
(2295, 1, 'Jb2Tk8DAYOE', '2025-01-27'),
(2296, 1, 's81c1qtUluE', '2025-01-27'),
(2297, 1, '28', '2025-01-27'),
(2298, 1, 'Jb2Tk8DAYOE', '2025-01-27'),
(2299, 1, 's81c1qtUluE', '2025-01-27'),
(2300, 1, '28', '2025-01-27'),
(2301, 1, 'Jb2Tk8DAYOE', '2025-01-27'),
(2302, 1, 's81c1qtUluE', '2025-01-27'),
(2303, 1, '28', '2025-01-27'),
(2304, 1, 'Jb2Tk8DAYOE', '2025-01-27'),
(2305, 1, 's81c1qtUluE', '2025-01-27'),
(2306, 1, '28', '2025-01-27'),
(2307, 1, 'Jb2Tk8DAYOE', '2025-01-27'),
(2308, 1, 's81c1qtUluE', '2025-01-27'),
(2309, 1, '28', '2025-01-27'),
(2310, 1, 'Jb2Tk8DAYOE', '2025-01-27'),
(2311, 1, 's81c1qtUluE', '2025-01-27'),
(2312, 1, '28', '2025-01-27'),
(2313, 1, 'Jb2Tk8DAYOE', '2025-01-27'),
(2314, 1, 's81c1qtUluE', '2025-01-27'),
(2315, 1, '28', '2025-01-27'),
(2316, 1, 'Jb2Tk8DAYOE', '2025-01-27'),
(2317, 1, 's81c1qtUluE', '2025-01-27'),
(2318, 1, '28', '2025-01-27'),
(2319, 1, 'Jb2Tk8DAYOE', '2025-01-27'),
(2320, 1, 's81c1qtUluE', '2025-01-27'),
(2321, 1, '28', '2025-01-27'),
(2322, 1, 'Jb2Tk8DAYOE', '2025-01-27'),
(2323, 1, 's81c1qtUluE', '2025-01-27'),
(2324, 1, '28', '2025-01-27'),
(2325, 1, 'Jb2Tk8DAYOE', '2025-01-27'),
(2326, 1, 's81c1qtUluE', '2025-01-27'),
(2327, 1, '28', '2025-01-27'),
(2328, 1, 'Jb2Tk8DAYOE', '2025-01-27'),
(2329, 1, 's81c1qtUluE', '2025-01-27'),
(2330, 1, '28', '2025-01-27'),
(2331, 1, 'Jb2Tk8DAYOE', '2025-01-27'),
(2332, 1, 's81c1qtUluE', '2025-01-27'),
(2333, 1, '28', '2025-01-27'),
(2334, 1, 'Jb2Tk8DAYOE', '2025-01-27'),
(2335, 1, 's81c1qtUluE', '2025-01-27'),
(2336, 1, '28', '2025-01-27'),
(2337, 1, 'Jb2Tk8DAYOE', '2025-01-27'),
(2338, 1, 's81c1qtUluE', '2025-01-27'),
(2339, 1, '28', '2025-01-27'),
(2340, 1, 'Jb2Tk8DAYOE', '2025-01-27'),
(2341, 1, 's81c1qtUluE', '2025-01-27'),
(2342, 1, '28', '2025-01-27'),
(2343, 1, 'Jb2Tk8DAYOE', '2025-01-27'),
(2344, 1, 's81c1qtUluE', '2025-01-27'),
(2345, 1, '28', '2025-01-27'),
(2346, 1, 'Jb2Tk8DAYOE', '2025-01-27'),
(2347, 1, 's81c1qtUluE', '2025-01-27'),
(2348, 1, '28', '2025-01-27'),
(2349, 1, 'Jb2Tk8DAYOE', '2025-01-27'),
(2350, 1, 's81c1qtUluE', '2025-01-27'),
(2351, 1, '28', '2025-01-27'),
(2352, 1, 'Jb2Tk8DAYOE', '2025-01-27'),
(2353, 1, 's81c1qtUluE', '2025-01-27'),
(2354, 1, '28', '2025-01-27'),
(2355, 1, 'Jb2Tk8DAYOE', '2025-01-27'),
(2356, 1, 's81c1qtUluE', '2025-01-27'),
(2357, 1, '28', '2025-01-27'),
(2358, 1, 'Jb2Tk8DAYOE', '2025-01-27'),
(2359, 1, 's81c1qtUluE', '2025-01-27'),
(2360, 1, '28', '2025-01-27'),
(2361, 1, 'Jb2Tk8DAYOE', '2025-01-27'),
(2362, 1, 's81c1qtUluE', '2025-01-27'),
(2363, 1, 's81c1qtUluE', '2025-01-27'),
(2364, 1, '28', '2025-01-27'),
(2365, 1, 'Jb2Tk8DAYOE', '2025-01-27'),
(2366, 1, 'Jb2Tk8DAYOE', '2025-01-27'),
(2367, 1, 'Jb2Tk8DAYOE', '2025-01-27'),
(2368, 1, 'Jb2Tk8DAYOE', '2025-01-27'),
(2369, 1, 'Jb2Tk8DAYOE', '2025-01-27'),
(2370, 1, 'Jb2Tk8DAYOE', '2025-01-27'),
(2371, 1, 'Jb2Tk8DAYOE', '2025-01-27'),
(2372, 1, 'Jb2Tk8DAYOE', '2025-01-27'),
(2373, 1, 'Jb2Tk8DAYOE', '2025-01-27'),
(2374, 1, 'Jb2Tk8DAYOE', '2025-01-27'),
(2375, 1, 'Jb2Tk8DAYOE', '2025-01-27'),
(2376, 1, 'Jb2Tk8DAYOE', '2025-01-27'),
(2377, 1, 'Jb2Tk8DAYOE', '2025-01-27'),
(2378, 1, 'Jb2Tk8DAYOE', '2025-01-27'),
(2379, 1, 'Jb2Tk8DAYOE', '2025-01-27'),
(2380, 1, 'Jb2Tk8DAYOE', '2025-01-27'),
(2381, 1, 'Jb2Tk8DAYOE', '2025-01-27'),
(2382, 1, 'Jb2Tk8DAYOE', '2025-01-27'),
(2383, 1, 'Jb2Tk8DAYOE', '2025-01-27'),
(2384, 1, 'Jb2Tk8DAYOE', '2025-01-27'),
(2385, 1, 'Jb2Tk8DAYOE', '2025-01-27'),
(2386, 1, 'Jb2Tk8DAYOE', '2025-01-27'),
(2387, 1, 'Jb2Tk8DAYOE', '2025-01-27'),
(2388, 1, 'Jb2Tk8DAYOE', '2025-01-27'),
(2389, 1, 'Jb2Tk8DAYOE', '2025-01-27'),
(2390, 1, 'Jb2Tk8DAYOE', '2025-01-27'),
(2391, 1, 'Jb2Tk8DAYOE', '2025-01-27'),
(2392, 1, 'Jb2Tk8DAYOE', '2025-01-27'),
(2393, 1, 'Jb2Tk8DAYOE', '2025-01-27'),
(2394, 1, 'Jb2Tk8DAYOE', '2025-01-27'),
(2395, 1, 'Jb2Tk8DAYOE', '2025-01-27'),
(2396, 1, 's81c1qtUluE', '2025-01-27'),
(2397, 1, '28', '2025-01-27'),
(2398, 1, 's81c1qtUluE', '2025-01-27'),
(2399, 1, 's81c1qtUluE', '2025-01-27'),
(2400, 1, '28', '2025-01-27'),
(2401, 1, 's81c1qtUluE', '2025-01-27'),
(2402, 1, '28', '2025-01-27'),
(2403, 1, 's81c1qtUluE', '2025-01-27'),
(2404, 1, '28', '2025-01-27'),
(2405, 1, 's81c1qtUluE', '2025-01-27'),
(2406, 1, '28', '2025-01-27'),
(2407, 1, '28', '2025-01-27'),
(2408, 1, 's81c1qtUluE', '2025-01-27'),
(2409, 1, '28', '2025-01-27'),
(2410, 1, 's81c1qtUluE', '2025-01-27'),
(2411, 1, 'Jb2Tk8DAYOE', '2025-01-27'),
(2412, 1, 's81c1qtUluE', '2025-01-27'),
(2413, 1, 'Jb2Tk8DAYOE', '2025-01-27'),
(2414, 1, '28', '2025-01-27'),
(2415, 1, 's81c1qtUluE', '2025-01-27'),
(2416, 1, 's81c1qtUluE', '2025-01-27'),
(2417, 1, 'Jb2Tk8DAYOE', '2025-01-27'),
(2418, 1, 'Jb2Tk8DAYOE', '2025-01-27'),
(2419, 1, 's81c1qtUluE', '2025-01-27'),
(2420, 1, '28', '2025-01-27'),
(2421, 1, 'Jb2Tk8DAYOE', '2025-01-27'),
(2422, 1, 's81c1qtUluE', '2025-01-27'),
(2423, 1, 's81c1qtUluE', '2025-01-27'),
(2424, 1, 's81c1qtUluE', '2025-01-27'),
(2425, 1, 's81c1qtUluE', '2025-01-27'),
(2426, 1, 's81c1qtUluE', '2025-01-27'),
(2427, 1, 's81c1qtUluE', '2025-01-27'),
(2428, 1, 'y-BVdTJGa3w', '2025-01-27'),
(2429, 1, 'y-BVdTJGa3w', '2025-01-27'),
(2430, 1, 'y-BVdTJGa3w', '2025-01-27'),
(2431, 1, 'Oty4M2t21W8', '2025-01-27'),
(2432, 1, 'Oty4M2t21W8', '2025-01-27'),
(2433, 1, 'Oty4M2t21W8', '2025-01-27'),
(2435, 1, '9rfHd-2mkus', '2025-01-27'),
(2436, 1, '9rfHd-2mkus', '2025-01-27'),
(2437, 1, '9rfHd-2mkus', '2025-01-27'),
(2438, 1, 'zR9vFlKMals', '2025-01-27'),
(2439, 1, 'WpF2CNxpjgc', '2025-01-27'),
(2440, 1, '20', '2025-01-27'),
(2441, 1, 'eo3IRw7TJeY', '2025-01-27'),
(2442, 1, 'i2nZ5XUD4K0', '2025-01-27'),
(2443, 1, 'IfC-nXlgaNU', '2025-01-27'),
(2444, 1, 'kGAwRpNh_Os', '2025-01-27'),
(2446, 1, 'R87v1I_7vsg', '2025-01-27'),
(2447, 1, '28', '2025-01-27'),
(2449, 1, 'IKjx8W9ikFY', '2025-01-27'),
(2450, 1, 'SBWa_ZrlsMo', '2025-01-27'),
(2451, 1, 'SRzv785Gy4E', '2025-01-27'),
(2452, 1, 'eh17foTBGmg', '2025-01-27'),
(2453, 1, 'GGhKPm18E48', '2025-01-27'),
(2454, 1, '20', '2025-01-27'),
(2455, 1, 'IfC-nXlgaNU', '2025-01-27'),
(2456, 1, 'S4FvhbLhBbI', '2025-01-27'),
(2457, 1, 'kGAwRpNh_Os', '2025-01-27'),
(2458, 1, '28', '2025-01-28'),
(2459, 36, '28', '2025-01-29'),
(2460, 36, '30', '2025-01-29'),
(2461, 36, '28', '2025-01-29'),
(2462, 36, 'kGY6N9DL4Jw', '2025-01-29'),
(2463, 36, 'KvgpGIss93g', '2025-01-29'),
(2464, 36, 'qknDI1k39Ic', '2025-01-29'),
(2465, 36, 'KvgpGIss93g', '2025-01-29'),
(2466, 36, 'kGY6N9DL4Jw', '2025-01-29'),
(2467, 36, 'KvgpGIss93g', '2025-01-29'),
(2468, 36, '28', '2025-01-29'),
(2469, 36, '28', '2025-01-29'),
(2470, 36, 'U3Hn8C833qk', '2025-01-29'),
(2471, 36, 'U3Hn8C833qk', '2025-01-29'),
(2472, 36, '20', '2025-01-29'),
(2473, 36, '30', '2025-01-29'),
(2474, 36, '_2bpr0304kk', '2025-01-29'),
(2475, 36, '27', '2025-01-29'),
(2476, 36, '2oO-VuN4Tik', '2025-01-29'),
(2477, 36, '6qiMlcAnurQ', '2025-01-29'),
(2478, 36, 'KvgpGIss93g', '2025-01-29'),
(2479, 36, '28', '2025-01-29'),
(2480, 36, '_2bpr0304kk', '2025-01-29'),
(2481, 36, '6qiMlcAnurQ', '2025-01-29'),
(2482, 36, '6qiMlcAnurQ', '2025-01-29'),
(2483, 36, '28', '2025-01-29'),
(2484, 36, '2oO-VuN4Tik', '2025-01-29'),
(2485, 36, '27', '2025-01-29'),
(2486, 36, '28', '2025-01-29'),
(2487, 36, '28', '2025-01-29'),
(2488, 36, '28', '2025-01-29'),
(2489, 36, '28', '2025-01-29'),
(2490, 36, '28', '2025-01-29'),
(2491, 36, '28', '2025-01-29'),
(2492, 2, '27', '2025-01-29'),
(2493, 1, '28', '2025-01-30'),
(2494, 1, '28', '2025-01-30'),
(2495, 1, 'IfC-nXlgaNU', '2025-01-30'),
(2496, 1, '30', '2025-01-30'),
(2497, 1, '20', '2025-01-30'),
(2498, 1, '27', '2025-01-30'),
(2499, 1, '30', '2025-01-30'),
(2500, 1, '28', '2025-01-30'),
(2501, 1, '30', '2025-01-30'),
(2502, 1, 's81c1qtUluE', '2025-01-30'),
(2503, 1, 'WpF2CNxpjgc', '2025-01-30'),
(2504, 1, 'IfC-nXlgaNU', '2025-01-30'),
(2505, 1, 'kutk2XHEZNU', '2025-01-30'),
(2506, 1, '28', '2025-01-30'),
(2507, 1, 'WpF2CNxpjgc', '2025-01-30'),
(2508, 1, 'WpF2CNxpjgc', '2025-01-30'),
(2509, 1, '28', '2025-01-30'),
(2510, 2, '28', '2025-01-30'),
(2511, 2, 'mWKDZRJWdF4', '2025-01-30'),
(2512, 2, '28', '2025-01-30'),
(2513, 2, '30', '2025-01-30'),
(2519, 2, 'Jb2Tk8DAYOE', '2025-01-30'),
(2520, 2, 'Jb2Tk8DAYOE', '2025-01-30'),
(2522, 1, '28', '2025-01-31'),
(2525, 1, '27', '2025-01-31'),
(2528, 1, 's81c1qtUluE', '2025-01-31'),
(2548, 16, 'TUEhJmjfC28', '2025-01-31'),
(2555, 16, '1', '2025-01-31'),
(2556, 39, '28', '2025-01-31'),
(2557, 16, 'AKREgEq3Rdc', '2025-01-31'),
(2559, 39, '30', '2025-01-31'),
(2560, 39, 'Ic7NqP_YGlg', '2025-01-31'),
(2561, 39, 'Ic7NqP_YGlg', '2025-01-31'),
(2562, 39, 'Ic7NqP_YGlg', '2025-01-31'),
(2563, 39, 'Ic7NqP_YGlg', '2025-01-31'),
(2564, 39, 'UdgwqKfsSV8', '2025-01-31'),
(2565, 39, 'g0BVfBwVqFo', '2025-01-31'),
(2566, 39, 'Ic7NqP_YGlg', '2025-01-31'),
(2567, 39, 'WXOf5m0rca8', '2025-01-31'),
(2568, 39, 'glh2cpUWSIg', '2025-01-31'),
(2569, 39, 'kutk2XHEZNU', '2025-01-31'),
(2570, 39, '7W665EBeCmY', '2025-01-31'),
(2571, 39, 'VhinPd5RRJw', '2025-01-31'),
(2572, 39, 'kutk2XHEZNU', '2025-01-31'),
(2573, 39, 'VhinPd5RRJw', '2025-01-31'),
(2574, 39, '28', '2025-01-31'),
(2575, 39, '27', '2025-01-31'),
(2576, 39, 'g0BVfBwVqFo', '2025-01-31'),
(2577, 39, 'Ic7NqP_YGlg', '2025-01-31'),
(2578, 39, '20', '2025-01-31'),
(2580, 39, '20', '2025-01-31'),
(2582, 39, '0JR0ApUALOQ', '2025-01-31'),
(2583, 39, 'zz3STktlBnc', '2025-01-31'),
(2584, 39, '28', '2025-01-31'),
(2585, 39, '27', '2025-01-31'),
(2586, 39, '27', '2025-01-31'),
(2587, 39, '28', '2025-01-31'),
(2589, 39, '20', '2025-01-31'),
(2590, 39, '0JR0ApUALOQ', '2025-01-31'),
(2592, 39, '0JR0ApUALOQ', '2025-01-31'),
(2593, 1, 'kutk2XHEZNU', '2025-01-31'),
(2594, 39, 'Ic7NqP_YGlg', '2025-01-31'),
(2595, 39, 'zz3STktlBnc', '2025-01-31'),
(2596, 39, 'UdgwqKfsSV8', '2025-01-31'),
(2597, 39, 'g0BVfBwVqFo', '2025-01-31'),
(2598, 39, 'g0BVfBwVqFo', '2025-01-31'),
(2599, 39, '0JR0ApUALOQ', '2025-01-31'),
(2600, 39, 'Ic7NqP_YGlg', '2025-01-31'),
(2601, 1, 'YpulNdIgnSc', '2025-01-31'),
(2602, 39, '0JR0ApUALOQ', '2025-01-31'),
(2603, 2, '28', '2025-01-31'),
(2604, 2, '28', '2025-01-31'),
(2605, 2, '28', '2025-01-31'),
(2606, 2, '28', '2025-01-31'),
(2607, 2, '28', '2025-01-31'),
(2608, 2, '28', '2025-01-31'),
(2618, 39, 'ubZrAmRxy_M', '2025-02-01'),
(2619, 39, 'V0eVREY5FcE', '2025-02-01'),
(2620, 39, 'ubZrAmRxy_M', '2025-02-01'),
(2621, 39, 'ubZrAmRxy_M', '2025-02-01'),
(2622, 39, 'V0eVREY5FcE', '2025-02-01'),
(2623, 39, 'ubZrAmRxy_M', '2025-02-01'),
(2624, 39, '28', '2025-02-01'),
(2625, 39, '28', '2025-02-01'),
(2626, 39, '28', '2025-02-01'),
(2627, 1, '28', '2025-02-01'),
(2633, 1, 'zokyF1_uHTQ', '2025-02-01'),
(2635, 1, 'zokyF1_uHTQ', '2025-02-01'),
(2637, 39, 'fJ9rUzIMcZQ', '2025-02-01'),
(2638, 39, 'hFDcoX7s6rE', '2025-02-01'),
(2639, 39, 'fJ9rUzIMcZQ', '2025-02-01'),
(2640, 2, 'IKjx8W9ikFY', '2025-02-01'),
(2641, 2, 'oYeIMKbNc5A', '2025-02-01'),
(2642, 1, 'kGAwRpNh_Os', '2025-02-01'),
(2643, 1, '31', '2025-02-01'),
(2644, 1, 'WpF2CNxpjgc', '2025-02-01'),
(2645, 16, '5', '2025-02-01'),
(2646, 16, '5', '2025-02-01'),
(2647, 1, '28', '2025-02-01'),
(2648, 1, 'kutk2XHEZNU', '2025-02-01'),
(2649, 1, 'zokyF1_uHTQ', '2025-02-01'),
(2650, 1, 'zokyF1_uHTQ', '2025-02-01'),
(2651, 1, '30', '2025-02-01'),
(2652, 1, '28', '2025-02-01'),
(2653, 1, '28', '2025-02-01'),
(2654, 1, 'IKjx8W9ikFY', '2025-02-01'),
(2655, 1, '20', '2025-02-01'),
(2656, 1, 'IKjx8W9ikFY', '2025-02-01'),
(2657, 1, '28', '2025-02-01'),
(2658, 1, '28', '2025-02-01'),
(2659, 1, '28', '2025-02-01'),
(2660, 1, '28', '2025-02-01'),
(2661, 1, '28', '2025-02-01'),
(2662, 1, '28', '2025-02-01'),
(2663, 1, '28', '2025-02-01'),
(2664, 2, '28', '2025-02-01'),
(2665, 2, '31', '2025-02-01'),
(2666, 2, 'dvgZkm1xWPE', '2025-02-01'),
(2667, 2, 'oYeIMKbNc5A', '2025-02-01'),
(2668, 2, 'dvgZkm1xWPE', '2025-02-01'),
(2669, 2, '27', '2025-02-01'),
(2670, 39, 'ubZrAmRxy_M', '2025-02-02'),
(2671, 1, '31', '2025-02-02'),
(2672, 1, '31', '2025-02-02'),
(2673, 1, '31', '2025-02-02'),
(2674, 1, 'WpF2CNxpjgc', '2025-02-02'),
(2675, 1, 'WpF2CNxpjgc', '2025-02-02');

--
-- Déchargement des données de la table `like_artist`
--

INSERT INTO `like_artist` (`id`, `user`, `artist`) VALUES
(3, 12, '14'),
(5, 1, 'UCUNv0EUZYhuelHXWoFLTqwg'),
(6, 3, 'UCKdMxuOu1f6Gtz5iok44dow'),
(7, 3, 'UCT9zcQNlyht7fRlcjmflRSA'),
(8, 3, 'UCAFIersvPYEQzT7XPRWUj8g'),
(9, 2, 'UCDPM_n1atn2ijUwHd0NNRQw'),
(12, 1, '1'),
(13, 3, 'UCpx_k19S2vUutWUUM9qmXEg'),
(14, 3, 'UCfM3zsQsOnfWNUppiycmBuw'),
(15, 3, 'UCJ7jAHUZu8e6tX21ZnF-7_A'),
(17, 16, '1'),
(18, 5, '16'),
(19, 5, '1'),
(21, 5, 'UCUNv0EUZYhuelHXWoFLTqwg'),
(22, 36, 'UCn4IES95m9zGawfQJNHfpzQ'),
(23, 16, 'UCUNv0EUZYhuelHXWoFLTqwg'),
(24, 39, '1'),
(25, 39, 'UCAFIersvPYEQzT7XPRWUj8g'),
(26, 5, 'UCBzxtDhnU8J59TKvhUIOYGA'),
(27, 39, 'UCcOkA2Xmk1valTOWSyKyp4g');

--
-- Déchargement des données de la table `like_playlist`
--

INSERT INTO `like_playlist` (`id`, `user`, `playlist`) VALUES
(8, 3, 'PLMp5rDgAZPCi51aybeg5YZwvTPbBDT3a8'),
(9, 3, 'PLK1wqzZ8S6Rxh4Lird7421tcLNvtpD8uQ'),
(16, 5, 'PLSBWvYm8t6uZL-eO7oPxZfEBHhCrun9Nw'),
(18, 5, 'PLHO0cVB3HGmG0eDB7DuKndDqof0LYThtl'),
(19, 5, '3'),
(20, 5, 'PLbLHGIQQlJ7dMLISWmTsDVwVCJ7GGUgxw'),
(22, 16, 'PLSBWvYm8t6uZL-eO7oPxZfEBHhCrun9Nw'),
(23, 2, '3'),
(25, 5, 'PLz6byVsQfHmKXamAvU-6A0g4Hl9L86O6d');

--
-- Déchargement des données de la table `like_sound`
--

INSERT INTO `like_sound` (`id`, `user`, `sound`) VALUES
(11, 3, 'DPgE7PNzXag'),
(19, 3, 'LOwVQvAIK-k'),
(20, 1, 'GrAchTdepsU'),
(21, 1, 'IKjx8W9ikFY'),
(23, 1, 'Jb2Tk8DAYOE'),
(25, 1, '28'),
(26, 3, '28'),
(27, 16, '28'),
(33, 5, '28'),
(34, 5, 'XeLaiL9tk68'),
(36, 5, 'yKNxeF4KMsY'),
(37, 5, 'Jb2Tk8DAYOE'),
(38, 5, 'Cgm-y_KawO0'),
(39, 5, 'GrAchTdepsU'),
(40, 5, 'w4DoVQaJzS0'),
(41, 5, '30'),
(42, 36, 'mWKDZRJWdF4'),
(43, 36, '28'),
(45, 32, '28'),
(47, 2, 'mWKDZRJWdF4'),
(48, 2, '27'),
(49, 16, 'lB8uQ_zO-o8'),
(50, 39, '28'),
(51, 5, 'BGpzGu9Yp6Y'),
(52, 5, 'DA9lef8ap18'),
(53, 5, 'Yj6V_a1-EUA'),
(54, 39, '30'),
(55, 39, '20'),
(56, 39, 'ubZrAmRxy_M'),
(69, 39, 'fJ9rUzIMcZQ');

--
-- Déchargement des données de la table `playlist`
--

INSERT INTO `playlist` (`id`, `owner`, `title`, `description`, `image`, `public`) VALUES
(1, 2, 'At home', 'Bien chez soi', '/storage/playlist/1.png', 0),
(3, 1, 'Vald Fan Boy', 'Je suis trop fan de Vald', '/storage/playlist/3.jpg', 1),
(13, 19, 'Prankex By Théo', 'Ratio ', '/storage/playlist/13.jpg', 0),
(16, 2, 'Playlist test', 'Lorem ipsum dolor sit amet', '/storage/playlist/default.png', 1),
(17, 2, 'À fond !', '400/100', '/storage/playlist/17.jpg', 0),
(20, 1, 'aa', 'Quelques bug surement', '/storage/playlist/20.jpg', 0),
(22, 5, 'Playlist du dimanche', 'C\'est dimanche', '/storage/playlist/22.png', 1),
(23, 3, 'Sport mood', 'Au désert', '/storage/playlist/23.jpg', 1),
(24, 2, 'Sons de la nature', 'Musiques calmes et apaisantes', '/storage/playlist/24.jpg', 0),
(26, 2, 'Lorem ipsum', 'Ipsum dolor sit amet', '/storage/playlist/default.png', 0),
(28, 8, 'Lorem', 'Ipsum', '/storage/playlist/28.jpg', 1),
(29, 5, 'Temporaire', 'Ceci est un test', '/storage/playlist/29.png', 1),
(58, 16, 'Swaggy ', 'Han ?', '/storage/playlist/58.jpg', 1),
(68, 5, 'Mobile 1', 'Succes ou pas ?', '/storage/playlist/default.png', 1),
(69, 5, 'Test 3', 'Teststststs', '/storage/playlist/default.png', 0),
(71, 5, 'Sans casser le cota', 'Chill', '/storage/playlist/default.png', 0),
(72, 36, 'Good songs', 'Musiques à écouter pendant un projet de SAE', '/storage/playlist/default.png', 1),
(73, 39, 'DOUZE', 'douzisysteme', '/storage/playlist/73.jpg', 1),
(104, 39, 'test supression', 'test', '/storage/playlist/104.png', 0),
(111, 1, 'Test', 'Test', '/storage/playlist/default.png', 0),
(116, 37, 'T\'es bug de merde la', 'Casse les couilles ', '/storage/playlist/default.png', 0);

--
-- Déchargement des données de la table `playlist_collaborator`
--

INSERT INTO `playlist_collaborator` (`id`, `playlist`, `collaborator`, `modify`) VALUES
(3, 13, 3, 1),
(14, 20, 5, 1),
(15, 29, 1, 1),
(23, 28, 8, 0),
(24, 28, 14, 0),
(25, 72, 8, 1),
(26, 72, 2, 1),
(30, 71, 1, 1),
(31, 3, 3, 0),
(40, 16, 30, 1),
(44, 17, 8, 1),
(45, 26, 20, 1),
(46, 24, 8, 1);

--
-- Déchargement des données de la table `playlist_sound`
--

INSERT INTO `playlist_sound` (`id`, `playlist`, `sound`) VALUES
(1, 3, 'kutk2XHEZNU'),
(4, 23, 'DPgE7PNzXag'),
(7, 29, 'XeLaiL9tk68'),
(8, 29, 'MwpMEbgC7DA'),
(9, 29, 'BGpzGu9Yp6Y'),
(10, 29, 'Do_Bz5E5cnk'),
(11, 29, '4fQeaM62mOY'),
(12, 29, 'Cgm-y_KawO0'),
(13, 29, 'iuSUZyTWi6o'),
(14, 29, 'fyDQiQK58bM'),
(15, 29, 'GrAchTdepsU'),
(16, 29, 'Jb2Tk8DAYOE'),
(17, 29, 'dSDbwfXX5_I'),
(18, 29, 'lB8uQ_zO-o8'),
(20, 29, 'I0czvJ_jikg'),
(21, 29, 'lmc21V-zBq0'),
(22, 29, '51u5fnyrGj4'),
(23, 29, 'XeLaiL9tk68'),
(24, 29, 'lLjvsAyEj-g'),
(25, 29, 'lYoWuaw5nSk'),
(26, 29, 'd_HlPboLRL8'),
(27, 29, 'dX3k_QDnzHE'),
(28, 29, 'yKNxeF4KMsY'),
(29, 29, 'DA9lef8ap18'),
(30, 29, 'Yj6V_a1-EUA'),
(31, 29, 'QJJYpsA5tv8'),
(32, 29, 'KkGVmN68ByU'),
(33, 29, 'olGSAVOkkTI'),
(34, 29, 'o7HTnsegBtM'),
(35, 29, 'V1Pl8CzNzCw'),
(36, 29, 'o7HTnsegBtM'),
(37, 23, 'WOb8-C6jw0M'),
(44, 20, '28'),
(45, 20, 's81c1qtUluE'),
(46, 20, 'Jb2Tk8DAYOE'),
(47, 58, '28'),
(52, 29, '28'),
(57, 72, 'Jb2Tk8DAYOE'),
(58, 17, '28'),
(59, 72, 'mWKDZRJWdF4'),
(60, 24, '28'),
(61, 72, 'IKjx8W9ikFY'),
(62, 72, '28'),
(63, 72, 'GrAchTdepsU'),
(64, 72, '20'),
(65, 72, '30'),
(66, 72, '27'),
(68, 73, 'ubZrAmRxy_M'),
(69, 73, '28');

--
-- Déchargement des données de la table `sound`
--

INSERT INTO `sound` (`id`, `title`, `artist`, `type`, `image`, `link`) VALUES
(1, 'Croissant', 16, 0, '/storage/sound/image/1.jpg', '/storage/sound/file/1.mp3'),
(5, 'Ma première musique', 16, 0, '/storage/sound/image/5.png', '/storage/sound/file/5.mp3'),
(20, 'Nebula', 1, 0, '/storage/sound/image/20.jpg', '/storage/sound/file/20.mp3'),
(27, 'Montagne', 1, 0, '/storage/sound/image/27.png', '/storage/sound/file/27.mp3'),
(28, 'Squid Game Jazz', 1, 0, '/storage/sound/image/28.jpg', '/storage/sound/file/28.mp3'),
(30, 'Something new', 1, 1, '/storage/sound/image/30.png', '/storage/sound/file/30.mp4'),
(31, 'Le docker de la SAE', 1, 0, '/storage/sound/image/31.png', '/storage/sound/file/31.mp3');

--
-- Déchargement des données de la table `user`
--

INSERT INTO `user` (`id`, `email`, `password`, `pseudo`, `grade`, `image`, `banner`, `public`, `artist`, `expire`, `token`) VALUES
(1, 'perrier.richardj@gmail.com', '$2y$10$LNF1x8gdx65OBnwUw2QIAeHbVBYz/kWM9uqfOu9.xfmizXAcRQtFu', 'DidonCode', 1, '/storage/user/profile/1.jpg', '/storage/user/banner/1.jpg', 1, 1, '2025-02-07', 'd275e374e9064e5e916bad2c51f2abd1'),
(2, 'pseudo01@exemple.com', '$2y$10$oKmQ6eDS554n0Ir2zCwFA.LVTvjdvTaw2Z8YRnGrw9yDeWne8ESIG', 'pseudo01', 0, '/storage/user/profile/2.jpg', '/storage/user/banner/default.png', 1, 0, '2025-02-06', '81cd4cf57d99f2de556b0327ddf752c3'),
(3, 'a@gmail.com', '$2y$10$ZtJjNpM93weuzVSt9dcd7Olm8..lMqKyn1.9dweEAvlWAXER4HlVu', 'Agathe', 1, '/storage/user/profile/3.jpg', '/storage/user/banner/default.png', 0, 0, '2025-02-06', NULL),
(5, 'TheoLeBg@outlook.com', '$2y$10$EFydBrmVys6s/aINjIt0xOAm5tJfS5na8gKcvMHM0usxe65aZ56m2', 'Yanom', 1, '/storage/user/profile/5.png', '/storage/user/banner/default.png', 0, 0, '2025-02-05', '295b788d4fe073032f883f08fc29c3d3'),
(8, 'artiste@gmail.com', '$2y$10$HEi1gsHuQtAE33AHez2g1OOHC/snp4IOAQW0bIkGxKCl8U1UmzAgi', 'ARTiste21', 0, '/storage/user/profile/8.jpg', '/storage/user/banner/8.jpg', 0, 1, '2025-02-01', 'fceb0b76449ba3ee14ef75854e47916e'),
(14, 'artiste01@gmail.com', '$2y$10$4DJTRiWYmmufBAWbpHkwL.eHSlQ5gL5rCNbJdrMBIDgBUUq5kjOoq', 'Artiste01', 0, '/storage/user/profile/14.png', '/storage/user/banner/14.jpg', 1, 1, '2025-01-31', 'a3ba924cabce74c406a53770208bb6da'),
(16, 'Theo@test.com', '$2y$10$OAMiiF45naQ1oQmfBRXhvehGzOAig0h0VeIwZCJc9QhsVa3K76gdy', 'Theo', 0, '/storage/user/profile/default.png', '/storage/user/banner/default.png', 1, 1, '2025-02-06', 'bfe9281dfcaa3349ee10214abdde52fb'),
(17, 'theo@theo.theo', '$2y$10$zFurt6yB9XSN4dGjSONope47cKoKNTUWO73ZhieKpOeZkD/7TQ3ii', 'ThéoLeGrand', 0, '/storage/user/profile/default.png', '/storage/user/banner/default.png', 0, 0, '0000-00-00', ''),
(18, 'redgold25@hotmail.com', '$2y$10$3SYgGl1IMy1oq1f8p6OCCuh5.2s/cDE8M3kBDt63kHhr916rY4F6e', 'RedGold', 0, '/storage/user/profile/default.png', '/storage/user/banner/default.png', 0, 1, '2025-01-31', ''),
(20, 'cookieeagle28@orange.fr', '$2y$10$X9Aozrg/0TkA8Sc8n5DC7ewRhKyIgNo/Vr6dRZlqncASj6xWOKqzC', 'CookieEagle', 0, '/storage/user/profile/default.png', '/storage/user/banner/default.png', 0, 0, '2025-01-31', ''),
(21, 'hydrosun73@yahoo.fr', '$2y$10$fn6CsJcRg4vWeXJUg9UkI.x7muGuLIRLpLSIBODFOjvrd2sHCO1nK', 'HydroSun', 0, '/storage/user/profile/default.png', '/storage/user/banner/default.png', 0, 1, '2025-01-31', '62732ee12665714ae1cfcf5ffef1fde7'),
(22, 'chicken.dragon58@orange.fr', '$2y$10$x3UxMb1MDaFgJKK9mJHAseH03uFfa3by0nS0dsz4d/3vL.6xemIHC', 'ChickenDragon', 0, '/storage/user/profile/default.png', '/storage/user/banner/default.png', 0, 1, '2025-01-31', '2d4af09979ca9cd3f12f8decbcb08ca2'),
(23, 'boeuf.celeste@yahoo.fr', '$2y$10$HBZTFxqPUJByajlEbEI3MejdRz.7UmXCHcZVNPPNh4kOIMZWuNRfe', 'Boeuf céleste', 0, '/storage/user/profile/default.png', '/storage/user/banner/default.png', 0, 0, '2025-01-31', '196283b2f3844c056e4e320e79cb05f5'),
(24, 'freestyle.musique88@gmail.com', '$2y$10$k23rMi3RbvAcpIyYIzH4MOYc2Obh8E9qoaDfxO4eUtOcH0WDin8Ea', 'Freestyle musique', 0, '/storage/user/profile/default.png', '/storage/user/banner/default.png', 0, 1, '2025-02-01', 'f12521dfe32abe05da807a4c1bce7c8f'),
(25, 'badbruit18@hotmail.com', '$2y$10$XS6G7QVkAoqUqxeleUdVceWVxMFJCcxmJFrEIM9XPP62AnLW8Fwgy', 'Bad bruit', 0, '/storage/user/profile/default.png', '/storage/user/banner/default.png', 0, 0, '2025-01-31', 'f2e83404525153e7394d9d4a3b833687'),
(26, 'music.liberation@outlook.com', '$2y$10$WM2XwXgOg00D3P52zu5cseD0776tf.JjLKYDVaRjZczFosyHoW6je', 'Music Liberation', 0, '/storage/user/profile/default.png', '/storage/user/banner/default.png', 0, 0, '2025-01-31', '41d27090044cfec3257cbe7649599c92'),
(27, 'cooldj31@outlook.com', '$2y$10$15YBwgH/BqK28Yh7/lbyMektJ3j20DLSRGjRsNKVSsAWvBxjJ9w76', 'Cool DG', 0, '/storage/user/profile/default.png', '/storage/user/banner/default.png', 0, 1, '2025-01-31', '0b51cb5781a6ba7d829b7f49b4d305e1'),
(28, 'evilbartender@hotmail.com', '$2y$10$8gspzBemL53bQAhVNfBvleFyet7Iw7YMnc56xmttZrpwDHLD8gqLe', 'Evil bartender', 0, '/storage/user/profile/default.png', '/storage/user/banner/default.png', 0, 0, '2025-01-31', 'ba52cb5b795bcb9f6954bb5da46eecaf'),
(29, 'biscuit.sucre67@gmail.com', '$2y$10$sIYO/5YrCLwbuPWS4cySou0DBf1wIazTd.n4wywFXYNdTxReataZG', 'Biscuit sucré', 0, '/storage/user/profile/default.png', '/storage/user/banner/default.png', 0, 0, '2025-01-31', 'a9cd76a1cd21d1a62be6be47c93e2fa4'),
(30, 'remy37@yahoo.fr', '$2y$10$i5gzpLS2tyHpp67e4rASCuf54wYgrH3LoGRsF2K4erDsjzTpjjw9O', 'Rémi Fasol', 0, '/storage/user/profile/default.png', '/storage/user/banner/default.png', 0, 1, '2025-01-31', '58cd1129672b39d9f57037ecce77904e'),
(31, 'ali.mentation@gmail.com', '$2y$10$y.BR4u7kATUcc1pPTxwkAuNkxapCpya2QnK4v/JfKWb8jy5bYzcKe', 'Ali Mentation', 0, '/storage/user/profile/default.png', '/storage/user/banner/default.png', 0, 0, '2025-01-31', '36d60751ecbea22f907678c8635ae95b'),
(32, 'alex.terieur@outlook.com', '$2y$10$CykGoFvxMsv0GRfotYm5SOo7UqHtzKqoYa7SsG4.MA/fxu4/5Mdd2', 'Alex Térieur', 0, '/storage/user/profile/default.png', '/storage/user/banner/default.png', 0, 0, '2025-01-31', 'a1f858124f1e1ab7cd155742969b9a1e'),
(33, 'harry.cover18@gmail.com', '$2y$10$57hxVPKq12P3Tnw1bIUC0.uaH0szh5soAaW/1mU/oBYCuFkMkrSRW', 'Harry Cover', 0, '/storage/user/profile/default.png', '/storage/user/banner/default.png', 0, 0, '2025-01-31', '6b8c584111eda30263a5ebd83bd087df'),
(34, 'emma.carena@gmail.com', '$2y$10$Nru0Nafgip4/iVcTXkBWhufj6Xey2/4qraakBBx5ZN441pqeSu5ra', 'Emma Carena', 0, '/storage/user/profile/default.png', '/storage/user/banner/default.png', 0, 0, '2025-01-31', '349121c1181c878f11c36dbf949dac91'),
(35, 'claire.voyance@hotmail.com', '$2y$10$1aCdwFhAM7aF2Giy0uqR/ebBYtaJRtPpQ64rAz6C1NPwiuJHDDrBu', 'Claire Voyance', 0, '/storage/user/profile/default.png', '/storage/user/banner/default.png', 0, 0, '2025-01-31', '4097d7d4d973a80fc80cae39f470949a'),
(36, 'samirabien@outlook.com', '$2y$10$e4jZhYoL5Wm6g7/c26GYxOGVRn4AWx2KzJdCmeRuCDJ4ZX5MQ5uiW', 'Samira Bien', 0, '/storage/user/profile/default.png', '/storage/user/banner/default.png', 0, 0, '2025-02-04', '24ffaba319b66c2707ec612d7ee95f5a'),
(37, 'Mobile@mobile.fr', '$2y$10$A3zW4jQyuO9skSX28tbkvuQWeDvwujtpr8dPfxjRV3xiPhlZ5FAWu', 'Mobile', 0, '/storage/user/profile/default.png', '/storage/user/banner/default.png', 0, 1, '2025-02-06', NULL),
(39, 'aa@gmail.com', '$2y$10$D4zi2YsHIRqgfxP/nmUM/u9JxLUnVe3nT.l2WuKCFmkaZOjR8eUkO', 'Dacta', 0, '/storage/user/profile/39.png', '/storage/user/banner/default.png', 0, 1, '2025-02-07', 'e1cda832c39ab94bcacb585939483c14');

COMMIT;

/*!40101 SET CHARACTER_SET_CLIENT=@OLD_CHARACTER_SET_CLIENT */;
/*!40101 SET CHARACTER_SET_RESULTS=@OLD_CHARACTER_SET_RESULTS */;
/*!40101 SET COLLATION_CONNECTION=@OLD_COLLATION_CONNECTION */;